,Video.file,Group,Clip.duration,Trial,ID,Experienced,Start..secs.,Tot.start,End..secs.,Tot.end,Behav,Result,SawSuccess,SawInteraction,Attm,success,observe
62,HDV_1070,CO,907,1,ORG-YPX,No,136,136,153,153,ODpush,0,1,0,0,0,1
75,HDV_1070,CO,907,1,OX-MGY,Yes,71,71,77,77,Dpush,1,0,0,0,1,0
71,HDV_1070,CO,907,1,OX-MGY,Yes,179,179,192,192,Dpush,1,0,0,0,1,0
74,HDV_1070,CO,907,1,OX-MGY,Yes,660,660,704,704,AattemptD,0,0,0,1,0,0
77,HDV_1070,CO,907,1,OX-MGY,Yes,704,704,721,721,BattemptL,0,0,0,1,0,0
73,HDV_1070,CO,907,1,OY-Y,Yes,200,200,216,216,ODpush,0,1,0,0,0,1
63,HDV_1070,CO,907,1,SPX-PSP,Yes,200,200,216,216,Dpush,1,0,0,0,1,0
65,HDV_1070,CO,907,1,XGR-OR,Yes,81,81,102,102,ODpush,0,1,0,0,0,1
60,HDV_1070,CO,907,1,XGR-OR,Yes,105,105,111,111,Dpush,1,0,0,0,1,0
64,HDV_1070,CO,907,1,XGR-OR,Yes,200,200,216,216,ODpush,0,1,0,0,0,1
69,HDV_1070,CO,907,1,XGR-OR,Yes,226,226,239,239,Dpush,1,0,0,0,1,0
66,HDV_1070,CO,907,1,XGR-OR,Yes,561,561,563,563,Bscrounge,1,0,0,0,0,0
70,HDV_1070,CO,907,1,XGR-OR,Yes,641,641,643,643,Ascrounge,1,0,0,0,0,0
61,HDV_1070,CO,907,1,XGR-OR,Yes,747,747,794,794,Ascrounge,1,0,0,0,0,0
67,HDV_1070,CO,907,1,XPO-OPR,Yes,105,105,111,111,ODpush,0,1,0,0,0,1
76,HDV_1070,CO,907,1,XPO-OPR,Yes,119,119,123,123,Dpush,1,0,0,0,1,0
72,HDV_1070,CO,907,1,XPO-OPR,Yes,136,136,153,153,ODpush,0,1,0,0,0,1
68,HDV_1070,CO,907,1,XPO-OPR,Yes,226,226,239,239,ODpush,0,1,0,0,0,1
135,HDV_1104,CO,907,1,OX-MGY,Yes,522,2232,534,2623,OBattemptD,0,0,1,1,0,1
138,HDV_1104,CO,907,1,OX-MGY,Yes,547,2257,553,2642,OAattemptD,0,0,1,1,0,1
137,HDV_1104,CO,907,1,SPX-PSP,Yes,547,2257,553,2642,AattemptD,0,0,0,1,0,0
133,HDV_1103,CO,275,1,XGR-OR,Yes,112,1547,144,1958,AattemptL,0,0,0,1,0,0
136,HDV_1104,CO,907,1,XGR-OR,Yes,522,2232,534,2623,BattemptD,0,0,0,1,0,0
59,00003,HI,485,1,BOX-KBS,No,19,1409,37,1427,OBattemptL,0,0,1,1,0,1
58,00003,HI,485,1,BOX-KBS,No,43,1433,72,1462,AattemptD,0,0,0,1,0,0
47,00003,HI,485,1,BOX-KBS,No,178,1568,190,1580,OA,0,1,0,0,0,1
18,00002,HI,1390,1,BOX-KBS,No,276,276,284,284,BattemptD,0,0,0,1,0,0
19,00002,HI,1390,1,BOX-KBS,No,293,293,303,303,OAattemptD,0,0,1,1,0,1
12,00002,HI,1390,1,BOX-KBS,No,339,339,343,343,BattemptD,0,0,0,1,0,0
3,00002,HI,1390,1,BOX-KBS,No,469,469,481,481,BattemptD,0,0,0,1,0,0
16,00002,HI,1390,1,BOX-KBS,No,481,481,484,484,Alog,1,0,0,0,1,0
11,00002,HI,1390,1,BOX-KBS,No,846,846,851,851,BattemptL,0,0,0,1,0,0
35,00002,HI,1390,1,BOX-KBS,No,1035,1035,1035,1035,Dattempt,0,0,0,1,0,0
10,00002,HI,1390,1,BOX-KBS,No,1194,1194,1204,1204,Ajiggle,1,0,0,0,1,0
7,00002,HI,1390,1,BOX-KBS,No,1249,1249,1250,1250,Ascrounge,1,0,0,0,0,0
42,00003,HI,485,1,RGX-WPP,No,119,1509,138,1528,OBattemptD,0,0,1,1,0,1
41,00003,HI,485,1,ROR-YXG,No,200,1590,200,1590,Ascrounge,1,0,0,0,0,0
8,00002,HI,1390,1,ROR-YXG,No,293,293,303,303,OAattemptD,0,0,1,1,0,1
2,00002,HI,1390,1,ROR-YXG,No,431,431,461,461,OBupG,0,1,0,0,0,1
26,00002,HI,1390,1,ROR-YXG,No,469,469,481,481,OBattemptD,0,0,1,1,0,1
54,00003,HI,485,1,RSB-GBX,No,91,1481,119,1509,OAattemptL,0,0,1,1,0,1
56,00003,HI,485,1,RSB-GBX,No,119,1509,138,1528,OBattemptD,0,0,1,1,0,1
53,00003,HI,485,1,RSB-GBX,No,138,1528,168,1558,OAjiggle,0,0,1,0,0,1
44,00003,HI,485,1,RSB-GBX,No,168,1558,178,1568,OCattemptD,0,0,1,1,0,1
51,00003,HI,485,1,RSB-GBX,No,178,1568,190,1580,OA,0,1,0,0,0,1
45,00003,HI,485,1,RSB-GBX,No,229,1619,237,1627,Ascrounge,1,0,0,0,0,0
33,00002,HI,1390,1,RSB-GBX,No,377,377,386,386,AattemptD,0,0,0,1,0,0
1,00002,HI,1390,1,RSB-GBX,No,386,386,388,388,Dpush,1,0,0,0,1,0
13,00002,HI,1390,1,RSB-GBX,No,393,393,402,402,OAattemptD,0,0,1,1,0,1
49,00003,HI,485,1,RSB-GBX,No,393,1783,425,1815,AattemptD,0,0,0,1,0,0
30,00002,HI,1390,1,RSB-GBX,No,402,402,417,417,OCattemptD,0,0,1,1,0,1
46,00003,HI,485,1,RSB-GBX,No,425,1815,463,1853,BattemptD,0,0,0,1,0,0
24,00002,HI,1390,1,RSB-GBX,No,431,431,461,461,BupG,1,0,0,0,1,0
4,00002,HI,1390,1,RSB-GBX,No,1241,1241,1244,1244,Ascrounge,1,0,0,0,0,0
48,00003,HI,485,1,XRB-GPG,No,19,1409,37,1427,BattemptL,0,0,0,1,0,0
43,00003,HI,485,1,XRB-GPG,No,78,1468,91,1481,BattemptL,0,0,0,1,0,0
50,00003,HI,485,1,XRB-GPG,No,91,1481,119,1509,AattemptL,0,0,0,1,0,0
57,00003,HI,485,1,XRB-GPG,No,119,1509,138,1528,BattemptD,0,0,0,1,0,0
52,00003,HI,485,1,XRB-GPG,No,138,1528,168,1558,Ajiggle,1,0,0,0,1,0
55,00003,HI,485,1,XRB-GPG,No,168,1558,178,1568,CattemptD,0,0,0,1,0,0
40,00003,HI,485,1,XRB-GPG,No,178,1568,190,1580,A,1,0,0,0,1,0
5,00002,HI,1390,1,XRB-GPG,No,276,276,284,284,OBattemptD,0,0,1,1,0,1
21,00002,HI,1390,1,XRB-GPG,No,293,293,303,303,AattemptD,0,0,0,1,0,0
6,00002,HI,1390,1,XRB-GPG,No,303,303,303,303,Ascrounge,1,0,0,0,0,0
37,00002,HI,1390,1,XRB-GPG,No,386,386,388,388,ODpush,0,1,0,0,0,1
29,00002,HI,1390,1,XRB-GPG,No,393,393,402,402,AattemptD,0,0,0,1,0,0
36,00002,HI,1390,1,XRB-GPG,No,402,402,417,417,CattemptD,0,0,0,1,0,0
17,00002,HI,1390,1,XRB-GPG,No,417,417,418,418,Cscrounge,1,0,0,0,0,0
15,00002,HI,1390,1,XRB-GPG,No,489,489,495,495,B,1,0,0,0,1,0
25,00002,HI,1390,1,XRB-GPG,No,750,750,760,760,BattemptD,0,0,0,1,0,0
34,00002,HI,1390,1,XRB-GPG,No,760,760,769,769,CattemptD,0,0,0,1,0,0
28,00002,HI,1390,1,XRB-GPG,No,769,769,773,773,AattemptD,0,0,0,1,0,0
38,00002,HI,1390,1,XRB-GPG,No,780,780,797,797,BattemptL,0,0,0,1,0,0
39,00002,HI,1390,1,XRB-GPG,No,797,797,817,817,Dpush,1,0,0,0,1,0
32,00002,HI,1390,1,XRB-GPG,No,817,817,821,821,AattemptD,0,0,0,1,0,0
9,00002,HI,1390,1,XRB-GPG,No,821,821,829,829,BattemptD,0,0,0,1,0,0
14,00002,HI,1390,1,XRB-GPG,No,829,829,831,831,Ascrounge,1,0,0,0,0,0
31,00002,HI,1390,1,XRB-GPG,No,985,985,987,987,BattemptD,0,0,0,1,0,0
27,00002,HI,1390,1,XRB-GPG,No,987,987,997,997,Ascrounge,1,0,0,0,0,0
20,00002,HI,1390,1,XRB-GPG,No,1108,1108,1112,1112,AattemptD,0,0,0,1,0,0
22,00002,HI,1390,1,XRB-GPG,No,1112,1112,1118,1118,BupT,1,0,0,0,1,0
23,00002,HI,1390,1,XRB-GPG,No,1255,1255,1256,1256,Ascrounge,1,0,0,0,0,0
324,HDV_1127,HI,380,2,BOX-KBS,No,32,3721,54,4165,BattemptL,0,0,0,1,0,0
285,HDV_1125,HI,907,2,BOX-KBS,No,255,2130,302,2599,OBattemptD,0,0,1,1,0,1
284,HDV_1125,HI,907,2,BOX-KBS,No,302,2177,311,2608,OCattemptD,0,0,1,1,0,1
323,HDV_1127,HI,380,2,BOX-KBS,No,312,4001,313,4424,Bscrounge,1,0,0,0,0,0
326,HDV_1127,HI,380,2,BOX-KBS,No,351,4040,355,4466,Bscrounge,1,0,0,0,0,0
314,HDV_1126,HI,907,2,BOX-KBS,No,374,3156,389,3593,Bjiggle,1,0,0,0,1,0
318,HDV_1126,HI,907,2,BOX-KBS,No,425,3207,438,3642,Bscrounge,1,0,0,0,0,0
317,HDV_1126,HI,907,2,BOX-KBS,No,651,3433,653,3857,AattemptD,0,0,0,1,0,0
298,HDV_1126,HI,907,2,BOX-KBS,No,653,3435,660,3864,BattemptD,0,0,0,1,0,0
311,HDV_1126,HI,907,2,BOX-KBS,No,675,3457,681,3885,BattemptD,0,0,0,1,0,0
303,HDV_1126,HI,907,2,BOX-KBS,No,733,3515,773,3977,OCattemptD,0,0,1,1,0,1
305,HDV_1126,HI,907,2,BOX-KBS,No,786,3568,855,4059,OAattemptD,0,0,1,1,0,1
310,HDV_1126,HI,907,2,BOX-KBS,No,822,3604,851,4055,CattemptL,0,0,0,1,0,0
287,HDV_1125,HI,907,2,BOX-KBS,No,838,2713,841,3138,ODattempt,0,0,1,1,0,1
293,HDV_1125,HI,907,2,BOX-KBS,No,842,2717,856,3153,AattemptL,0,0,0,1,0,0
325,HDV_1127,HI,380,2,GOR-RYX,Yes,180,3869,185,4296,Bjiggle,1,0,0,0,1,0
328,HDV_1127,HI,380,2,GOR-RYX,Yes,304,3993,306,4417,Bscrounge,1,0,0,0,0,0
327,HDV_1127,HI,380,2,GOR-RYX,Yes,348,4037,350,4461,Bscrounge,1,0,0,0,0,0
297,HDV_1126,HI,907,2,GOR-RYX,Yes,417,3199,427,3631,Bscrounge,1,0,0,0,0,0
299,HDV_1126,HI,907,2,GOR-RYX,Yes,690,3472,714,3918,OBattemptD,0,0,1,1,0,1
313,HDV_1126,HI,907,2,GOR-RYX,Yes,702,3484,733,3937,BattemptD,0,0,0,1,0,0
301,HDV_1126,HI,907,2,GOR-RYX,Yes,733,3515,773,3977,CattemptD,0,0,0,1,0,0
300,HDV_1126,HI,907,2,GOR-RYX,Yes,773,3555,786,3990,BattemptD,0,0,0,1,0,0
316,HDV_1126,HI,907,2,GOR-RYX,Yes,786,3568,855,4059,AattemptD,0,0,0,1,0,0
322,HDV_1126,HI,907,2,GOR-RYX,Yes,822,3604,851,4055,OCattemptL,0,0,1,1,0,1
283,HDV_1125,HI,907,2,RGX-WPP,No,302,2177,311,2608,OCattemptD,0,0,1,1,0,1
307,HDV_1126,HI,907,2,RGX-WPP,No,786,3568,855,4059,OAattemptD,0,0,1,1,0,1
294,HDV_1125,HI,907,2,RSB-GBX,No,255,2130,302,2599,OBattemptD,0,0,1,1,0,1
306,HDV_1126,HI,907,2,RSB-GBX,No,439,3221,439,3643,Bscrounge,1,0,0,0,0,0
319,HDV_1126,HI,907,2,RSB-GBX,No,773,3555,786,3990,OBattemptD,0,0,1,1,0,1
302,HDV_1126,HI,907,2,RSB-GBX,No,786,3568,855,4059,OAattemptD,0,0,1,1,0,1
320,HDV_1126,HI,907,2,RSB-GBX,No,822,3604,851,4055,OCattemptL,0,0,1,1,0,1
290,HDV_1125,HI,907,2,RSB-GBX,No,838,2713,841,3138,Dattempt,0,0,0,1,0,0
295,HDV_1125,HI,907,2,SOR-RYX,No,255,2130,302,2599,BattemptD,0,0,0,1,0,0
296,HDV_1125,HI,907,2,SOR-RYX,No,302,2177,311,2608,CattemptD,0,0,0,1,0,0
291,HDV_1125,HI,907,2,XRB-GPG,No,255,2130,302,2599,OBattemptD,0,0,1,1,0,1
288,HDV_1125,HI,907,2,XRB-GPG,No,329,2204,368,2665,AattemptD,0,0,0,1,0,0
292,HDV_1125,HI,907,2,XRB-GPG,No,368,2243,398,2695,BattemptD,0,0,0,1,0,0
308,HDV_1126,HI,907,2,XRB-GPG,No,690,3472,714,3918,BattemptD,0,0,0,1,0,0
312,HDV_1126,HI,907,2,XRB-GPG,No,702,3484,733,3937,OBattemptD,0,0,1,1,0,1
309,HDV_1126,HI,907,2,XRB-GPG,No,733,3515,773,3977,OCattemptD,0,0,1,1,0,1
304,HDV_1126,HI,907,2,XRB-GPG,No,773,3555,786,3990,OBattemptD,0,0,1,1,0,1
315,HDV_1126,HI,907,2,XRB-GPG,No,786,3568,855,4059,OAattemptD,0,0,1,1,0,1
321,HDV_1126,HI,907,2,XRB-GPG,No,822,3604,851,4055,OCattemptL,0,0,1,1,0,1
286,HDV_1125,HI,907,2,XRB-GPG,No,869,2744,881,3178,BattemptD,0,0,0,1,0,0
289,HDV_1125,HI,907,2,XRB-GPG,No,881,2756,907,3204,AattemptL,0,0,0,1,0,0
173,HDV_1107,HI,835,3,GOR-RYX,Yes,67,4586,70,5011,CattemptD,0,0,0,1,0,0
174,HDV_1107,HI,835,3,GOR-RYX,Yes,70,4589,161,5102,BdownG,1,0,0,0,1,0
191,HDV_1108,HI,907,3,GOR-RYX,Yes,211,5565,268,6044,BattemptD,0,0,0,1,0,0
193,HDV_1108,HI,907,3,GOR-RYX,Yes,268,5622,325,6101,AattemptD,0,0,0,1,0,0
165,HDV_1106,HI,450,3,GOR-RYX,Yes,422,4491,425,4916,BattemptD,0,0,0,1,0,0
167,HDV_1106,HI,450,3,GOR-RYX,Yes,425,4494,439,4930,AattemptD,0,0,0,1,0,0
192,HDV_1108,HI,907,3,KPV-GWX,No,268,5622,325,6101,OAattemptD,0,0,1,1,0,1
186,HDV_1108,HI,907,3,RGX-WPP,No,268,5622,325,6101,OAattemptD,0,0,1,1,0,1
194,HDV_1108,HI,907,3,RSB-GBX,No,350,5704,357,6133,BattemptD,0,0,0,1,0,0
188,HDV_1108,HI,907,3,RSB-GBX,No,639,5993,659,6435,BattemptD,0,0,0,1,0,0
164,HDV_1106,HI,450,3,XRB-GPG,No,422,4491,425,4916,OBattemptD,0,0,1,1,0,1
166,HDV_1106,HI,450,3,XRB-GPG,No,425,4494,439,4930,OAattemptD,0,0,1,1,0,1
189,HDV_1108,HI,907,3,XRB-GPG,No,639,5993,659,6435,OBattemptD,0,0,1,1,0,1
187,HDV_1108,HI,907,3,XRB-GPG,No,698,6052,737,6513,CattemptD,0,0,0,1,0,0
190,HDV_1108,HI,907,3,XRB-GPG,No,761,6115,779,6555,BattemptL,0,0,0,1,0,0
403,MAH00537,KI,1788,1,KBV-GKX,No,371,482,388,499,OBattemptL,0,0,1,1,0,1
377,MAH00537,KI,1788,1,KBV-GKX,No,824,935,827,938,Dpush,1,0,0,0,1,0
379,MAH00537,KI,1788,1,KBV-GKX,No,878,989,891,1002,Dpush,1,0,0,0,1,0
378,MAH00537,KI,1788,1,KBV-GKX,No,968,1079,974,1085,Dpush,1,0,0,0,1,0
376,MAH00537,KI,1788,1,OB-X,Yes,14,125,17,128,ODpush,0,1,0,0,0,1
336,MAH00535,KI,111,1,OB-X,Yes,32,32,45,45,ODpush,0,1,0,0,0,1
365,MAH00537,KI,1788,1,OB-X,Yes,44,155,46,157,ODpush,0,1,0,0,0,1
366,MAH00537,KI,1788,1,OB-X,Yes,48,159,57,168,AattemptD,0,0,0,1,0,0
350,MAH00537,KI,1788,1,OB-X,Yes,70,181,72,183,ODpush,0,1,0,0,0,1
344,MAH00537,KI,1788,1,OB-X,Yes,77,188,80,191,Dpush,1,0,0,0,1,0
337,MAH00535,KI,111,1,OB-X,Yes,80,80,102,102,Dpush,1,0,0,0,1,0
353,MAH00537,KI,1788,1,OB-X,Yes,101,212,108,219,Dpush,1,0,0,0,1,0
401,MAH00537,KI,1788,1,OB-X,Yes,213,324,216,327,Ascrounge,1,0,0,0,0,0
398,MAH00537,KI,1788,1,OB-X,Yes,250,361,254,365,Ascrounge,1,0,0,0,0,0
349,MAH00537,KI,1788,1,OB-X,Yes,280,391,285,396,Ascrounge,1,0,0,0,0,0
393,MAH00537,KI,1788,1,OB-X,Yes,317,428,330,441,Ascrounge,1,0,0,0,0,0
396,MAH00537,KI,1788,1,OB-X,Yes,344,455,349,460,OBattemptD,0,0,1,1,0,1
404,MAH00537,KI,1788,1,OB-X,Yes,371,482,388,499,OBattemptL,0,0,1,1,0,1
374,MAH00537,KI,1788,1,OB-X,Yes,394,505,405,516,BattemptD,0,0,0,1,0,0
360,MAH00537,KI,1788,1,OB-X,Yes,405,516,422,533,Dpush,1,0,0,0,1,0
371,MAH00537,KI,1788,1,OB-X,Yes,422,533,428,539,BattemptD,0,0,0,1,0,0
352,MAH00537,KI,1788,1,OB-X,Yes,428,539,452,563,OBattemptL,0,0,1,1,0,1
362,MAH00537,KI,1788,1,OB-X,Yes,451,562,452,563,ODpush,0,1,0,0,0,1
348,MAH00537,KI,1788,1,OB-X,Yes,652,763,653,764,ODpush,0,1,0,0,0,1
346,MAH00537,KI,1788,1,OB-X,Yes,657,768,673,784,BattemptL,0,0,0,1,0,0
367,MAH00537,KI,1788,1,OB-X,Yes,667,778,667,778,ODpush,0,1,0,0,0,1
397,MAH00537,KI,1788,1,OB-X,Yes,673,784,713,824,Dpush,1,0,0,0,1,0
413,MAH00537,KI,1788,1,OB-X,Yes,695,806,697,808,ODpush,0,1,0,0,0,1
358,MAH00537,KI,1788,1,OB-X,Yes,819,930,827,938,Bscrounge,1,0,0,0,0,0
357,MAH00537,KI,1788,1,OB-X,Yes,824,935,827,938,ODpush,0,1,0,0,0,1
364,MAH00537,KI,1788,1,OB-X,Yes,862,973,865,976,ODpush,0,1,0,0,0,1
342,MAH00537,KI,1788,1,OB-X,Yes,928,1039,933,1044,ODpush,0,1,0,0,0,1
384,MAH00537,KI,1788,1,OB-X,Yes,968,1079,974,1085,ODpush,0,1,0,0,0,1
356,MAH00537,KI,1788,1,OB-X,Yes,976,1087,980,1091,ODpush,0,1,0,0,0,1
361,MAH00537,KI,1788,1,OB-X,Yes,984,1095,989,1100,ODattempt,0,0,1,1,0,1
351,MAH00537,KI,1788,1,OB-X,Yes,990,1101,992,1103,Dpush,1,0,0,0,1,0
411,MAH00537,KI,1788,1,OB-X,Yes,1185,1296,1191,1302,Ascrounge,1,0,0,0,0,0
340,MAH00537,KI,1788,1,OB-X,Yes,1236,1347,1265,1376,Ascrounge,1,0,0,0,0,0
339,MAH00537,KI,1788,1,OB-X,Yes,1265,1376,1270,1381,BattemptD,0,0,0,1,0,0
390,MAH00537,KI,1788,1,OB-X,Yes,1306,1417,1312,1423,Ascrounge,1,0,0,0,0,0
354,MAH00537,KI,1788,1,OB-X,Yes,1330,1441,1334,1445,Bscrounge,1,0,0,0,0,0
409,MAH00537,KI,1788,1,OB-X,Yes,1667,1778,1674,1785,BattemptD,0,0,0,1,0,0
375,MAH00537,KI,1788,1,OB-X,Yes,1674,1785,1683,1794,OBupT,0,1,0,0,0,1
355,MAH00537,KI,1788,1,OB-X,Yes,1782,1893,1790,1901,CattemptD,0,0,0,1,0,0
345,MAH00537,KI,1788,1,OB-X,Yes,1790,1901,1790,1901,Bscrounge,1,0,0,0,0,0
392,MAH00537,KI,1788,1,XYG-GRO,Yes,48,159,57,168,AattemptL,0,0,0,1,0,0
406,MAH00537,KI,1788,1,XYG-GRO,Yes,153,264,157,268,Alog,1,0,0,0,1,0
408,MAH00537,KI,1788,1,XYG-GRO,Yes,195,306,197,308,AattemptL,0,0,0,1,0,0
338,MAH00537,KI,1788,1,XYG-GRO,Yes,197,308,200,311,BattemptD,0,0,0,1,0,0
412,MAH00537,KI,1788,1,XYG-GRO,Yes,200,311,203,314,A,1,0,0,0,1,0
389,MAH00537,KI,1788,1,XYG-GRO,Yes,248,359,249,360,Ascrounge,1,0,0,0,0,0
368,MAH00537,KI,1788,1,XYG-GRO,Yes,289,400,292,403,Ascrounge,1,0,0,0,0,0
359,MAH00537,KI,1788,1,XYG-GRO,Yes,344,455,349,460,BattemptD,0,0,0,1,0,0
386,MAH00537,KI,1788,1,XYG-GRO,Yes,371,482,388,499,BattemptL,0,0,0,1,0,0
382,MAH00537,KI,1788,1,XYG-GRO,Yes,428,539,452,563,BattemptL,0,0,0,1,0,0
341,MAH00537,KI,1788,1,XYG-GRO,Yes,451,562,452,563,Dpush,1,0,0,0,1,0
395,MAH00537,KI,1788,1,XYG-GRO,Yes,478,589,487,598,BattemptL,0,0,0,1,0,0
394,MAH00537,KI,1788,1,XYG-GRO,Yes,487,598,492,603,Dattempt,0,0,0,1,0,0
387,MAH00537,KI,1788,1,XYG-GRO,Yes,492,603,497,608,BattemptD,0,0,0,1,0,0
363,MAH00537,KI,1788,1,XYG-GRO,Yes,497,608,498,609,Dattempt,0,0,0,1,0,0
405,MAH00537,KI,1788,1,XYG-GRO,Yes,667,778,667,778,Dpush,1,0,0,0,1,0
410,MAH00537,KI,1788,1,XYG-GRO,Yes,695,806,697,808,Dpush,1,0,0,0,1,0
372,MAH00537,KI,1788,1,XYG-GRO,Yes,730,841,734,845,BupT,1,0,0,0,1,0
385,MAH00537,KI,1788,1,XYG-GRO,Yes,798,909,799,910,BattemptL,0,0,0,1,0,0
402,MAH00537,KI,1788,1,XYG-GRO,Yes,862,973,865,976,Dpush,1,0,0,0,1,0
407,MAH00537,KI,1788,1,XYG-GRO,Yes,878,989,891,1002,ODpush,0,1,0,0,0,1
414,MAH00537,KI,1788,1,XYG-GRO,Yes,893,1004,896,1007,ODpush,0,0,1,0,0,1
373,MAH00537,KI,1788,1,XYG-GRO,Yes,896,1007,899,1010,BattemptL,0,0,0,1,0,0
391,MAH00537,KI,1788,1,XYG-GRO,Yes,899,1010,902,1013,Dpush,1,0,0,0,1,0
383,MAH00537,KI,1788,1,XYG-GRO,Yes,928,1039,933,1044,Dpush,1,0,0,0,1,0
381,MAH00537,KI,1788,1,XYG-GRO,Yes,976,1087,980,1091,ODpush,0,1,0,0,0,1
399,MAH00537,KI,1788,1,XYG-GRO,Yes,984,1095,989,1100,Dattempt,0,0,0,1,0,0
400,MAH00537,KI,1788,1,XYG-GRO,Yes,1208,1319,1213,1324,Alog,1,0,0,0,1,0
380,MAH00537,KI,1788,1,XYG-GRO,Yes,1240,1351,1242,1353,Ascrounge,1,0,0,0,0,0
370,MAH00537,KI,1788,1,XYG-GRO,Yes,1312,1423,1320,1431,BupT,1,0,0,0,1,0
388,MAH00537,KI,1788,1,XYG-GRO,Yes,1473,1584,1498,1609,Dattempt,0,0,0,1,0,0
343,MAH00537,KI,1788,1,XYG-GRO,Yes,1674,1785,1683,1794,BupT,1,0,0,0,1,0
369,MAH00537,KI,1788,1,XYG-GRO,Yes,1743,1854,1747,1858,BupT,1,0,0,0,1,0
347,MAH00537,KI,1788,1,PPX,Yes,1766,1877,1767,1878,Bscrounge,1,0,0,0,0,0
154,HDV_1105,KI,346,2,KBV-GKX,No,172,2461,173,2462,Ascrounge,1,0,0,0,0,0
170,HDV_1106,KI,172,2,OB-X,Yes,15,2650,19,2654,OBupT,0,1,0,0,0,1
163,HDV_1105,KI,346,2,OB-X,Yes,42,2331,43,2332,OCattemptD,0,0,1,1,0,1
153,HDV_1105,KI,346,2,OB-X,Yes,44,2333,48,2337,OAlog,0,0,1,0,0,1
144,HDV_1104,KI,325,2,OB-X,Yes,45,2009,50,2014,Bscrounge,1,0,0,0,0,0
172,HDV_1106,KI,172,2,OB-X,Yes,71,2706,75,2710,Bscrounge,1,0,0,0,0,0
150,HDV_1105,KI,346,2,OB-X,Yes,101,2390,114,2403,Ascrounge,1,0,0,0,0,0
143,HDV_1104,KI,325,2,OB-X,Yes,126,2090,129,2093,OBattemptD,0,0,1,1,0,1
168,HDV_1106,KI,172,2,OB-X,Yes,159,2794,166,2801,AattemptD,0,0,0,1,0,0
160,HDV_1105,KI,346,2,OB-X,Yes,198,2487,212,2501,BattemptD,0,0,0,1,0,0
149,HDV_1105,KI,346,2,OB-X,Yes,212,2501,217,2506,OCattemptD,0,0,1,1,0,1
157,HDV_1105,KI,346,2,OB-X,Yes,217,2506,219,2508,OAattemptD,0,0,1,1,0,1
151,HDV_1105,KI,346,2,OB-X,Yes,219,2508,222,2511,OCattemptD,0,0,1,1,0,1
161,HDV_1105,KI,346,2,OB-X,Yes,222,2511,227,2516,OBupT,0,1,0,0,0,1
141,HDV_1104,KI,325,2,OB-X,Yes,267,2231,272,2236,Ascrounge,1,0,0,0,0,0
140,HDV_1104,KI,325,2,OB-X,Yes,285,2249,296,2260,Ascrounge,1,0,0,0,0,0
171,HDV_1106,KI,172,2,XYG-GRO,Yes,15,2650,19,2654,BupT,1,0,0,0,1,0
145,HDV_1104,KI,325,2,XYG-GRO,Yes,22,1986,25,1989,BupT,1,0,0,0,1,0
134,HDV_1103,KI,65,2,XYG-GRO,Yes,25,1924,34,1933,BdownT,1,0,0,0,1,0
155,HDV_1105,KI,346,2,XYG-GRO,Yes,42,2331,43,2332,CattemptD,0,0,0,1,0,0
156,HDV_1105,KI,346,2,XYG-GRO,Yes,44,2333,48,2337,Alog,1,0,0,0,1,0
162,HDV_1105,KI,346,2,XYG-GRO,Yes,103,2392,108,2397,Ascrounge,1,0,0,0,0,0
142,HDV_1104,KI,325,2,XYG-GRO,Yes,126,2090,129,2093,BattemptD,0,0,0,1,0,0
169,HDV_1106,KI,172,2,XYG-GRO,Yes,166,2801,172,2807,OAattemptD,0,0,1,1,0,1
159,HDV_1105,KI,346,2,XYG-GRO,Yes,168,2457,170,2459,Ascrounge,1,0,0,0,0,0
139,HDV_1104,KI,325,2,XYG-GRO,Yes,169,2133,210,2174,Alog,1,0,0,0,1,0
152,HDV_1105,KI,346,2,XYG-GRO,Yes,212,2501,217,2506,CattemptD,0,0,0,1,0,0
148,HDV_1105,KI,346,2,XYG-GRO,Yes,217,2506,219,2508,AattemptD,0,0,0,1,0,0
147,HDV_1105,KI,346,2,XYG-GRO,Yes,219,2508,222,2511,CattemptD,0,0,0,1,0,0
158,HDV_1105,KI,346,2,XYG-GRO,Yes,222,2511,227,2516,BupT,1,0,0,0,1,0
146,HDV_1104,KI,325,2,XYG-GRO,Yes,276,2240,280,2244,Ascrounge,1,0,0,0,0,0
266,HDV_1121,KI,360,3,OB-X,Yes,128,2935,143,2950,OAlog,0,1,0,0,0,1
265,HDV_1121,KI,360,3,OB-X,Yes,147,2954,159,2966,Ascrounge,1,0,0,0,0,0
282,HDV_1123,KI,371,3,OB-X,Yes,158,3838,179,3859,Bscrounge,1,0,0,0,0,0
271,HDV_1121,KI,360,3,OB-X,Yes,159,2966,164,2971,Ascrounge,1,0,0,0,0,0
267,HDV_1121,KI,360,3,OB-X,Yes,214,3021,217,3024,Ascrounge,1,0,0,0,0,0
280,HDV_1123,KI,371,3,OB-X,Yes,311,3991,316,3996,Ascrounge,1,0,0,0,0,0
277,HDV_1123,KI,371,3,XYG-GRO,Yes,50,3730,53,3733,AattemptL,0,0,0,1,0,0
274,HDV_1122,KI,513,3,XYG-GRO,Yes,59,3226,69,3236,BupT,1,0,0,0,1,0
278,HDV_1123,KI,371,3,XYG-GRO,Yes,109,3789,119,3799,BupT,1,0,0,0,1,0
270,HDV_1121,KI,360,3,XYG-GRO,Yes,128,2935,143,2950,Alog,1,0,0,0,1,0
281,HDV_1123,KI,371,3,XYG-GRO,Yes,224,3904,239,3919,Alog,1,0,0,0,1,0
264,HDV_1121,KI,360,3,XYG-GRO,Yes,246,3053,250,3057,BupT,1,0,0,0,1,0
272,HDV_1122,KI,513,3,XYG-GRO,Yes,288,3455,290,3457,AattemptL,0,0,0,1,0,0
276,HDV_1122,KI,513,3,XYG-GRO,Yes,288,3455,290,3457,BattemptL,0,0,0,1,0,0
269,HDV_1121,KI,360,3,XYG-GRO,Yes,308,3115,317,3124,Bscrounge,1,0,0,0,0,0
279,HDV_1123,KI,371,3,XYG-GRO,Yes,321,4001,327,4007,Ascrounge,1,0,0,0,0,0
273,HDV_1122,KI,513,3,XYG-GRO,Yes,444,3611,452,3619,B,1,0,0,0,1,0
275,HDV_1122,KI,513,3,XYG-GRO,Yes,452,3619,479,3646,Alog,1,0,0,0,1,0
268,HDV_1121,KI,360,3,PPX,Yes,246,3053,250,3057,OBupT,0,1,0,0,0,1
469,MAH00543,TK,918,1,BGX-OVP,Yes,39,1829,49,1839,Ascrounge,1,0,0,0,0,0
467,MAH00543,TK,918,1,BGX-OVP,Yes,72,1862,80,1870,ODpush,0,1,0,0,0,1
480,MAH00543,TK,918,1,BGX-OVP,Yes,83,1873,131,1921,Alog,1,0,0,0,1,0
488,MAH00543,TK,918,1,BGX-OVP,Yes,131,1921,142,1932,BattemptD,0,0,0,1,0,0
504,MAH00543,TK,918,1,BGX-OVP,Yes,241,2031,272,2062,AattemptD,0,0,1,1,0,0
495,MAH00543,TK,918,1,BGX-OVP,Yes,296,2086,304,2094,AattemptD,0,0,0,1,0,0
502,MAH00543,TK,918,1,BGX-OVP,Yes,304,2094,313,2103,BattemptD,0,0,0,1,0,0
474,MAH00543,TK,918,1,BGX-OVP,Yes,313,2103,329,2119,AattemptD,0,0,0,1,0,0
491,MAH00543,TK,918,1,BGX-OVP,Yes,374,2164,397,2187,A,1,0,0,0,1,0
442,MAH00542,TK,1790,1,BGX-OVP,Yes,389,389,399,399,ODpush,0,1,0,0,0,1
503,MAH00543,TK,918,1,BGX-OVP,Yes,473,2263,477,2267,Ascrounge,1,0,0,0,0,0
481,MAH00543,TK,918,1,BGX-OVP,Yes,493,2283,497,2287,Ascrounge,1,0,0,0,0,0
487,MAH00543,TK,918,1,BGX-OVP,Yes,552,2342,575,2365,Ascrounge,1,0,0,0,0,0
427,MAH00542,TK,1790,1,BGX-OVP,Yes,569,569,576,576,ODpush,0,1,0,0,0,1
423,MAH00542,TK,1790,1,BGX-OVP,Yes,599,599,603,603,Dpush,1,0,0,0,1,0
479,MAH00543,TK,918,1,BGX-OVP,Yes,726,2516,758,2548,Bscrounge,1,0,0,0,0,0
477,MAH00543,TK,918,1,BGX-OVP,Yes,850,2640,855,2645,ODpush,0,1,0,0,0,1
498,MAH00543,TK,918,1,BGX-OVP,Yes,862,2652,879,2669,Dattempt,0,0,0,1,0,0
419,MAH00542,TK,1790,1,BGX-OVP,Yes,1175,1175,1181,1181,Bscrounge,1,0,0,0,0,0
459,MAH00542,TK,1790,1,BGX-OVP,Yes,1360,1360,1399,1399,AattemptL,0,0,0,1,0,0
439,MAH00542,TK,1790,1,BGX-OVP,Yes,1431,1431,1454,1454,Dpush,1,0,0,0,1,0
441,MAH00542,TK,1790,1,BGX-OVP,Yes,1454,1454,1519,1519,Alog,1,0,0,0,1,0
445,MAH00542,TK,1790,1,BGX-OVP,Yes,1585,1585,1595,1595,Ascrounge,1,0,0,0,0,0
451,MAH00542,TK,1790,1,BGX-OVP,Yes,1606,1606,1610,1610,Ascrounge,1,0,0,0,0,0
452,MAH00542,TK,1790,1,BGX-OVP,Yes,1780,1780,1783,1783,Bscrounge,1,0,0,0,0,0
486,MAH00543,TK,918,1,BXB-BSB,Yes,186,1976,233,2023,BattemptL,0,0,0,1,0,0
499,MAH00543,TK,918,1,BXB-BSB,Yes,351,2141,363,2153,BattemptL,0,0,0,1,0,0
505,MAH00543,TK,918,1,BXB-BSB,Yes,420,2210,428,2218,ODpush,0,1,0,0,0,1
490,MAH00543,TK,918,1,BXB-BSB,Yes,433,2223,434,2224,Ascrounge,1,0,0,0,0,0
492,MAH00543,TK,918,1,BXB-BSB,Yes,483,2273,484,2274,Ascrounge,1,0,0,0,0,0
482,MAH00543,TK,918,1,BXB-BSB,Yes,527,2317,528,2318,Ascrounge,1,0,0,0,0,0
501,MAH00543,TK,918,1,BXB-BSB,Yes,577,2367,580,2370,Ascrounge,1,0,0,0,0,0
464,MAH00543,TK,918,1,BXB-BSB,Yes,642,2432,672,2462,BdownT,1,0,0,0,1,0
471,MAH00543,TK,918,1,BXB-BSB,Yes,754,2544,754,2544,Bscrounge,1,0,0,0,0,0
494,MAH00543,TK,918,1,BXB-BSB,Yes,802,2592,808,2598,Bscrounge,1,0,0,0,0,0
456,MAH00542,TK,1790,1,BXB-BSB,Yes,970,970,971,971,OBattemptD,0,0,1,1,0,1
436,MAH00542,TK,1790,1,BXB-BSB,Yes,1141,1141,1148,1148,AattemptD,0,0,0,1,0,0
438,MAH00542,TK,1790,1,BXB-BSB,Yes,1148,1148,1154,1154,BattemptD,0,0,0,1,0,0
460,MAH00542,TK,1790,1,BXB-BSB,Yes,1154,1154,1161,1161,AattemptD,0,0,0,1,0,0
420,MAH00542,TK,1790,1,BXB-BSB,Yes,1161,1161,1170,1170,BupT,1,0,0,0,1,0
458,MAH00542,TK,1790,1,BXB-BSB,Yes,1235,1235,1235,1235,Bscrounge,1,0,0,0,0,0
421,MAH00542,TK,1790,1,BXB-BSB,Yes,1326,1326,1335,1335,AattemptD,0,0,0,1,0,0
446,MAH00542,TK,1790,1,BXB-BSB,Yes,1431,1431,1454,1454,ODpush,0,1,0,0,0,1
470,MAH00543,TK,918,1,OOM-XRR,Yes,72,1862,80,1870,Dpush,1,0,0,0,1,0
475,MAH00543,TK,918,1,OOM-XRR,Yes,186,1976,233,2023,OBattemptD,0,0,1,1,0,1
478,MAH00543,TK,918,1,OOM-XRR,Yes,241,2031,272,2062,OAattemptD,0,0,1,1,0,1
484,MAH00543,TK,918,1,OOM-XRR,Yes,277,2067,283,2073,Dpush,1,0,0,0,1,0
440,MAH00542,TK,1790,1,OOM-XRR,Yes,371,371,378,378,Dpush,1,0,0,0,1,0
455,MAH00542,TK,1790,1,OOM-XRR,Yes,389,389,399,399,Dpush,1,0,0,0,1,0
472,MAH00543,TK,918,1,OOM-XRR,Yes,420,2210,428,2218,Dpush,1,0,0,0,1,0
483,MAH00543,TK,918,1,OOM-XRR,Yes,505,2295,507,2297,Ascrounge,1,0,0,0,0,0
450,MAH00542,TK,1790,1,OOM-XRR,Yes,528,528,534,534,ODpush,0,1,0,0,0,1
462,MAH00542,TK,1790,1,OOM-XRR,Yes,534,534,571,571,Dpush,1,0,0,0,1,0
424,MAH00542,TK,1790,1,OOM-XRR,Yes,569,569,576,576,ODpush,0,1,0,0,0,1
465,MAH00543,TK,918,1,OOM-XRR,Yes,582,2372,585,2375,Ascrounge,1,0,0,0,0,0
463,MAH00543,TK,918,1,OOM-XRR,Yes,585,2375,596,2386,BattemptL,0,0,0,1,0,0
448,MAH00542,TK,1790,1,OOM-XRR,Yes,599,599,603,603,ODpush,0,1,0,0,0,1
432,MAH00542,TK,1790,1,OOM-XRR,Yes,617,617,634,634,Dpush,1,0,0,0,1,0
476,MAH00543,TK,918,1,OOM-XRR,Yes,677,2467,678,2468,Bscrounge,1,0,0,0,0,0
468,MAH00543,TK,918,1,OOM-XRR,Yes,734,2524,737,2527,Bscrounge,1,0,0,0,0,0
433,MAH00542,TK,1790,1,OOM-XRR,Yes,778,778,796,796,BattemptD,0,0,0,1,0,0
447,MAH00542,TK,1790,1,OOM-XRR,Yes,796,796,811,811,Dpush,1,0,0,0,1,0
489,MAH00543,TK,918,1,OOM-XRR,Yes,850,2640,855,2645,Dpush,1,0,0,0,1,0
435,MAH00542,TK,1790,1,OOM-XRR,Yes,889,889,917,917,Dpush,1,0,0,0,1,0
444,MAH00542,TK,1790,1,OOM-XRR,Yes,1073,1073,1089,1089,Dpush,1,0,0,0,1,0
431,MAH00542,TK,1790,1,OOM-XRR,Yes,1360,1360,1399,1399,OAattemptL,0,0,1,1,0,1
422,MAH00542,TK,1790,1,OOM-XRR,Yes,1399,1399,1419,1419,Dpush,1,0,0,0,1,0
425,MAH00542,TK,1790,1,OOM-XRR,Yes,1558,1558,1574,1574,Dpush,1,0,0,0,1,0
428,MAH00542,TK,1790,1,OOM-XRR,Yes,1624,1624,1644,1644,Ascrounge,1,0,0,0,0,0
418,MAH00542,TK,1790,1,WOX-RMM,Yes,371,371,378,378,ODpush,0,1,0,0,0,1
457,MAH00542,TK,1790,1,WOX-RMM,Yes,409,409,410,410,ODpush,0,1,0,0,0,1
429,MAH00542,TK,1790,1,WOX-RMM,Yes,484,484,485,485,ODattempt,0,0,1,1,0,1
466,MAH00543,TK,918,1,YR-X,No,186,1976,233,2023,OBattemptD,0,0,1,1,0,1
485,MAH00543,TK,918,1,YR-X,No,241,2031,272,2062,OAattemptD,0,0,1,1,0,1
449,MAH00542,TK,1790,1,YR-X,No,389,389,399,399,ODpush,0,1,0,0,0,1
453,MAH00542,TK,1790,1,YR-X,No,409,409,410,410,Dpush,1,0,0,0,1,0
430,MAH00542,TK,1790,1,YR-X,No,484,484,485,485,Dattempt,0,0,0,1,0,0
493,MAH00543,TK,918,1,YR-X,No,501,2291,501,2291,Ascrounge,1,0,0,0,0,0
443,MAH00542,TK,1790,1,YR-X,No,528,528,534,534,Dpush,1,0,0,0,1,0
426,MAH00542,TK,1790,1,YR-X,No,534,534,571,571,ODpush,0,1,0,0,0,1
434,MAH00542,TK,1790,1,YR-X,No,569,569,576,576,Dpush,1,0,0,0,1,0
497,MAH00543,TK,918,1,YR-X,No,585,2375,596,2386,OBattemptL,0,0,1,1,0,1
496,MAH00543,TK,918,1,YR-X,No,601,2391,602,2392,BattemptD,0,0,0,1,0,0
473,MAH00543,TK,918,1,YR-X,No,617,2407,617,2407,BattemptD,0,0,0,1,0,0
500,MAH00543,TK,918,1,YR-X,No,681,2471,682,2472,Bscrounge,1,0,0,0,0,0
454,MAH00542,TK,1790,1,YR-X,No,741,741,750,750,Dpush,1,0,0,0,1,0
437,MAH00542,TK,1790,1,YR-X,No,889,889,917,917,ODpush,0,1,0,0,0,1
416,MAH00542,TK,1790,1,YR-X,No,933,933,934,934,BattemptD,0,0,0,1,0,0
417,MAH00542,TK,1790,1,YR-X,No,970,970,971,971,BattemptD,0,0,0,1,0,0
415,MAH00542,TK,1790,1,YR-X,No,1073,1073,1089,1089,ODpush,0,1,0,0,0,1
461,MAH00542,TK,1790,1,YR-X,No,1360,1360,1399,1399,OAattemptL,0,0,1,1,0,1
102,HDV_1091,TK,840,2,BGX-OVP,Yes,28,3591,100,3663,Alog,1,0,0,0,1,0
97,HDV_1091,TK,840,2,BGX-OVP,Yes,50,3613,50,3613,BattemptD,0,0,0,1,0,0
98,HDV_1091,TK,840,2,BGX-OVP,Yes,69,3632,69,3632,BattemptD,0,0,0,1,0,0
121,HDV_1092,TK,659,2,BGX-OVP,Yes,72,4475,128,4531,Alog,1,0,0,0,1,0
87,HDV_1090,TK,855,2,BGX-OVP,Yes,105,2813,118,2826,OBattemptD,0,0,1,1,0,1
81,HDV_1090,TK,855,2,BGX-OVP,Yes,118,2826,180,2888,OAattemptL,0,0,1,1,0,1
128,HDV_1092,TK,659,2,BGX-OVP,Yes,128,4531,132,4535,Ascrounge,1,0,0,0,0,0
103,HDV_1091,TK,840,2,BGX-OVP,Yes,172,3735,245,3808,Ascrounge,1,0,0,0,0,0
124,HDV_1092,TK,659,2,BGX-OVP,Yes,266,4669,278,4681,Dattempt,0,0,0,1,0,0
132,HDV_1092,TK,659,2,BGX-OVP,Yes,278,4681,329,4732,BattemptD,0,0,0,1,0,0
88,HDV_1090,TK,855,2,BGX-OVP,Yes,329,3037,394,3102,Alog,1,0,0,0,1,0
104,HDV_1092,TK,659,2,BGX-OVP,Yes,329,4732,329,4732,Dattempt,0,0,0,1,0,0
91,HDV_1091,TK,840,2,BGX-OVP,Yes,343,3906,379,3942,Ascrounge,1,0,0,0,0,0
80,HDV_1090,TK,855,2,BGX-OVP,Yes,394,3102,399,3107,Ascrounge,1,0,0,0,0,0
94,HDV_1091,TK,840,2,BGX-OVP,Yes,494,4057,551,4114,BattemptL,0,0,0,1,0,0
122,HDV_1092,TK,659,2,BGX-OVP,Yes,543,4946,552,4955,AattemptL,0,0,0,1,0,0
125,HDV_1092,TK,659,2,BGX-OVP,Yes,552,4955,561,4964,Dpush,1,0,0,0,1,0
83,HDV_1090,TK,855,2,BGX-OVP,Yes,734,3442,762,3470,Ascrounge,1,0,0,0,0,0
95,HDV_1091,TK,840,2,BGX-OVP,Yes,748,4311,776,4339,Dpush,1,0,1,0,1,0
100,HDV_1091,TK,840,2,BGX-OVP,Yes,820,4383,826,4389,Dpush,1,0,1,0,1,0
123,HDV_1092,TK,659,2,BOX-KBS,No,57,4460,64,4467,AattemptL,0,0,0,1,0,0
126,HDV_1092,TK,659,2,GOR-RYX,Yes,57,4460,64,4467,OAattemptL,0,0,1,1,0,1
107,HDV_1092,TK,659,2,GOR-RYX,Yes,72,4475,128,4531,OAlog,0,1,0,0,0,1
111,HDV_1092,TK,659,2,GOR-RYX,Yes,266,4669,278,4681,ODattempt,0,0,1,1,0,1
115,HDV_1092,TK,659,2,KVV-BPX,No,72,4475,128,4531,OAlog,0,1,0,0,0,1
105,HDV_1092,TK,659,2,OOM-XRR,Yes,72,4475,128,4531,OAlog,0,1,0,0,0,1
120,HDV_1092,TK,659,2,OOM-XRR,Yes,105,4508,107,4510,Ascrounge,1,0,0,0,0,0
89,HDV_1090,TK,855,2,OOM-XRR,Yes,118,2826,180,2888,OAattemptL,0,0,1,1,0,1
116,HDV_1092,TK,659,2,OOM-XRR,Yes,140,4543,147,4550,Ascrounge,1,0,0,0,0,0
130,HDV_1092,TK,659,2,OOM-XRR,Yes,278,4681,329,4732,OBattemptD,0,0,1,1,0,1
106,HDV_1092,TK,659,2,OOM-XRR,Yes,336,4739,481,4884,OBattemptD,0,0,1,1,0,1
108,HDV_1092,TK,659,2,OOM-XRR,Yes,543,4946,552,4955,OAattemptL,0,0,1,1,0,1
129,HDV_1092,TK,659,2,OOM-XRR,Yes,552,4955,561,4964,ODpush,0,1,0,0,0,1
85,HDV_1090,TK,855,2,OOM-XRR,Yes,582,3290,582,3290,Ascrounge,1,0,0,0,0,0
79,HDV_1090,TK,855,2,OOM-XRR,Yes,672,3380,676,3384,Ascrounge,1,0,0,0,0,0
86,HDV_1090,TK,855,2,OOM-XRR,Yes,801,3509,828,3536,Dpush,1,0,0,0,1,0
99,HDV_1091,TK,840,2,PBR-BOX,Yes,28,3591,100,3663,OAlog,0,1,0,0,0,1
109,HDV_1092,TK,659,2,PBR-BOX,Yes,219,4622,219,4622,Ascrounge,1,0,0,0,0,0
110,HDV_1092,TK,659,2,PBR-BOX,Yes,336,4739,481,4884,BattemptD,0,0,0,1,0,0
101,HDV_1091,TK,840,2,PBR-BOX,Yes,494,4057,551,4114,OBattemptL,0,0,1,1,0,1
131,HDV_1092,TK,659,2,PBR-BOX,Yes,552,4955,561,4964,ODpush,0,1,0,0,0,1
112,HDV_1092,TK,659,2,ROR-YXG,No,278,4681,329,4732,OBattemptD,0,0,1,1,0,1
113,HDV_1092,TK,659,2,RSB-GBX,No,57,4460,64,4467,OAattemptL,0,0,1,1,0,1
117,HDV_1092,TK,659,2,XRB-GPG,No,72,4475,128,4531,OAlog,0,1,0,0,0,1
93,HDV_1091,TK,840,2,YR-X,No,104,3667,109,3672,Ascrounge,1,0,0,0,0,0
82,HDV_1090,TK,855,2,YR-X,No,105,2813,118,2826,BattemptD,0,0,0,1,0,0
90,HDV_1090,TK,855,2,YR-X,No,118,2826,180,2888,AattemptL,0,0,0,1,0,0
114,HDV_1092,TK,659,2,YR-X,No,207,4610,213,4616,Ascrounge,1,0,0,0,0,0
96,HDV_1091,TK,840,2,YR-X,No,323,3886,324,3887,Ascrounge,1,0,0,0,0,0
84,HDV_1090,TK,855,2,YR-X,No,329,3037,394,3102,OAlog,0,1,0,0,0,1
78,HDV_1090,TK,855,2,YR-X,No,414,3122,414,3122,Ascrounge,1,0,0,0,0,0
92,HDV_1091,TK,840,2,YR-X,No,494,4057,551,4114,OBattemptL,0,0,1,1,0,1
127,HDV_1092,TK,659,2,YR-X,No,543,4946,552,4955,OAattemptL,0,0,1,1,0,1
119,HDV_1092,TK,659,2,YR-X,No,552,4955,561,4964,ODpush,0,1,0,0,0,1
118,HDV_1092,TK,659,2,YR-X,No,579,4982,585,4988,BattemptD,0,0,0,1,0,0
561,MAH02082,TK,633,3,BGX-OVP,Yes,46,5108,100,5162,Alog,1,0,0,0,1,0
597,MAH02084,TK,406,3,BGX-OVP,Yes,93,6507,99,6513,BattemptD,0,0,0,1,0,0
608,MAH02084,TK,406,3,BGX-OVP,Yes,99,6513,102,6516,AattemptD,0,0,0,1,0,0
558,MAH02082,TK,633,3,BGX-OVP,Yes,100,5162,105,5167,Ascrounge,1,0,0,0,0,0
606,MAH02084,TK,406,3,BGX-OVP,Yes,102,6516,135,6549,BdownT,1,0,0,0,1,0
618,MAH02084,TK,406,3,BGX-OVP,Yes,135,6549,155,6569,B,1,0,0,0,1,0
574,MAH02083,TK,719,3,BGX-OVP,Yes,155,5850,170,5865,AattemptD,0,0,0,1,0,0
588,MAH02083,TK,719,3,BGX-OVP,Yes,170,5865,197,5892,OAattemptD,0,0,1,1,0,1
579,MAH02083,TK,719,3,BGX-OVP,Yes,197,5892,220,5915,OCattemptD,0,0,1,1,0,1
575,MAH02083,TK,719,3,BGX-OVP,Yes,231,5926,235,5930,AattemptD,0,0,0,1,0,0
580,MAH02083,TK,719,3,BGX-OVP,Yes,235,5930,241,5936,Ascrounge,1,0,0,0,0,0
568,MAH02082,TK,633,3,BGX-OVP,Yes,251,5313,279,5341,Ascrounge,1,0,0,0,0,0
563,MAH02082,TK,633,3,BGX-OVP,Yes,279,5341,298,5360,BattemptD,0,0,0,1,0,0
569,MAH02082,TK,633,3,BGX-OVP,Yes,298,5360,331,5393,Dpush,1,0,0,0,1,0
601,MAH02084,TK,406,3,BGX-OVP,Yes,304,6718,317,6731,B,1,0,0,0,1,0
613,MAH02084,TK,406,3,BGX-OVP,Yes,317,6731,326,6740,BattemptD,0,0,0,1,0,0
605,MAH02084,TK,406,3,BGX-OVP,Yes,326,6740,339,6753,A,1,0,0,0,1,0
582,MAH02083,TK,719,3,BGX-OVP,Yes,359,6054,433,6128,AattemptL,0,0,0,1,0,0
591,MAH02083,TK,719,3,BGX-OVP,Yes,463,6158,495,6190,AattemptL,0,0,0,1,0,0
556,MAH02082,TK,633,3,BGX-OVP,Yes,524,5586,580,5642,BdownT,1,0,0,0,1,0
595,MAH02083,TK,719,3,BGX-OVP,Yes,527,6222,543,6238,AattemptL,0,0,0,1,0,0
581,MAH02083,TK,719,3,BGX-OVP,Yes,543,6238,547,6242,BattemptD,0,0,0,1,0,0
576,MAH02083,TK,719,3,BGX-OVP,Yes,547,6242,578,6273,AattemptL,0,0,0,1,0,0
590,MAH02083,TK,719,3,BGX-OVP,Yes,578,6273,592,6287,BattemptD,0,0,0,1,0,0
586,MAH02083,TK,719,3,BGX-OVP,Yes,592,6287,664,6359,AattemptL,0,0,0,1,0,0
592,MAH02083,TK,719,3,BGX-OVP,Yes,664,6359,669,6364,BattemptD,0,0,0,1,0,0
593,MAH02083,TK,719,3,BGX-OVP,Yes,669,6364,711,6406,AattemptL,0,0,0,1,0,0
583,MAH02083,TK,719,3,BXB-BSB,Yes,248,5943,255,5950,BdownT,1,0,0,0,1,0
584,MAH02083,TK,719,3,BXB-BSB,Yes,359,6054,433,6128,OAattemptL,0,0,1,1,0,1
587,MAH02083,TK,719,3,BXB-BSB,Yes,359,6054,433,6128,OAattemptL,0,0,1,1,0,1
555,MAH02082,TK,633,3,OOM-XRR,Yes,46,5108,100,5162,OAlog,0,1,0,0,0,1
562,MAH02082,TK,633,3,OOM-XRR,Yes,114,5176,117,5179,Ascrounge,1,0,0,0,0,0
602,MAH02084,TK,406,3,OOM-XRR,Yes,135,6549,155,6569,OB,0,1,0,0,0,1
594,MAH02083,TK,719,3,OOM-XRR,Yes,155,5850,170,5865,OAattemptD,0,0,1,1,0,1
612,MAH02084,TK,406,3,OOM-XRR,Yes,161,6575,167,6581,BattemptD,0,0,0,1,0,0
609,MAH02084,TK,406,3,OOM-XRR,Yes,167,6581,189,6603,OAlog,0,1,0,0,0,1
573,MAH02082,TK,633,3,OOM-XRR,Yes,298,5360,331,5393,ODpush,0,1,0,0,0,1
604,MAH02084,TK,406,3,OOM-XRR,Yes,317,6731,326,6740,OBattemptD,0,0,1,1,0,1
611,MAH02084,TK,406,3,OOM-XRR,Yes,326,6740,339,6753,OA,0,1,0,0,0,1
599,MAH02084,TK,406,3,OOM-XRR,Yes,352,6766,371,6785,OBattemptD,0,0,1,1,0,1
560,MAH02082,TK,633,3,OOM-XRR,Yes,384,5446,418,5480,OCattemptD,0,0,1,1,0,1
565,MAH02082,TK,633,3,OOM-XRR,Yes,450,5512,482,5544,Dpush,1,0,0,0,1,0
598,MAH02084,TK,406,3,PBR-BOX,Yes,40,6454,64,6478,AattemptD,0,0,0,1,0,0
571,MAH02082,TK,633,3,PBR-BOX,Yes,46,5108,100,5162,OAlog,0,1,0,0,0,1
564,MAH02082,TK,633,3,PBR-BOX,Yes,137,5199,138,5200,Ascrounge,1,0,0,0,0,0
577,MAH02083,TK,719,3,PBR-BOX,Yes,155,5850,170,5865,OAattemptD,0,0,1,1,0,1
614,MAH02084,TK,406,3,PBR-BOX,Yes,161,6575,167,6581,OBattemptD,0,0,1,1,0,1
617,MAH02084,TK,406,3,PBR-BOX,Yes,167,6581,189,6603,Alog,1,0,0,0,1,0
589,MAH02083,TK,719,3,PBR-BOX,Yes,170,5865,197,5892,AattemptD,0,0,0,1,0,0
578,MAH02083,TK,719,3,PBR-BOX,Yes,197,5892,220,5915,CattemptD,0,0,0,1,0,0
566,MAH02082,TK,633,3,PBR-BOX,Yes,384,5446,418,5480,CattemptD,0,0,0,1,0,0
567,MAH02082,TK,633,3,PBR-BOX,Yes,450,5512,482,5544,ODpush,0,1,0,0,0,1
572,MAH02082,TK,633,3,PBR-BOX,Yes,501,5563,518,5580,OCattemptD,0,0,1,1,0,1
600,MAH02084,TK,406,3,YR-X,No,40,6454,64,6478,OAattemptD,0,0,1,1,0,1
610,MAH02084,TK,406,3,YR-X,No,102,6516,135,6549,OBdownT,0,1,0,0,0,1
557,MAH02082,TK,633,3,YR-X,No,108,5170,108,5170,Ascrounge,1,0,0,0,0,0
607,MAH02084,TK,406,3,YR-X,No,161,6575,167,6581,OBattemptD,0,0,1,1,0,1
559,MAH02082,TK,633,3,YR-X,No,163,5225,163,5225,Ascrounge,1,0,0,0,0,0
596,MAH02084,TK,406,3,YR-X,No,167,6581,189,6603,OAattemptL,0,1,0,1,0,1
570,MAH02082,TK,633,3,YR-X,No,298,5360,331,5393,ODpush,0,1,0,0,0,1
616,MAH02084,TK,406,3,YR-X,No,317,6731,326,6740,OBattemptD,0,0,1,1,0,1
603,MAH02084,TK,406,3,YR-X,No,326,6740,339,6753,OA,0,1,0,0,0,1
615,MAH02084,TK,406,3,YR-X,No,352,6766,371,6785,BattemptD,0,0,0,1,0,0
585,MAH02083,TK,719,3,YR-X,No,359,6054,433,6128,OAattemptL,0,0,1,1,0,1
553,MAH02082,TK,633,3,YR-X,No,384,5446,418,5480,OCattemptD,0,0,1,1,0,1
554,MAH02082,TK,633,3,YR-X,No,501,5563,518,5580,CattemptD,0,0,0,1,0,0
258,HDV_1120,TK,578,4,BGX-OVP,Yes,75,7869,87,7881,AattemptD,0,0,0,1,0,0
249,HDV_1120,TK,578,4,BGX-OVP,Yes,87,7881,93,7887,Bscrounge,1,0,0,0,0,0
232,HDV_1118,TK,506,4,BGX-OVP,Yes,162,6982,208,7028,AattemptD,0,0,0,1,0,0
239,HDV_1119,TK,468,4,BGX-OVP,Yes,246,7572,254,7580,AattemptD,0,0,0,1,0,0
236,HDV_1119,TK,468,4,BGX-OVP,Yes,254,7580,279,7605,CattemptD,0,0,0,1,0,0
225,HDV_1118,TK,506,4,BGX-OVP,Yes,259,7079,265,7085,Dattempt,0,0,0,1,0,0
228,HDV_1118,TK,506,4,BGX-OVP,Yes,265,7085,331,7151,Ajiggle,1,0,0,0,1,0
251,HDV_1120,TK,578,4,BGX-OVP,Yes,269,8063,326,8120,AattemptL,0,0,0,1,0,0
238,HDV_1119,TK,468,4,BGX-OVP,Yes,279,7605,325,7651,Ajiggle,1,0,0,0,1,0
250,HDV_1120,TK,578,4,BGX-OVP,Yes,326,8120,362,8156,CattemptD,0,0,0,1,0,0
221,HDV_1118,TK,506,4,BGX-OVP,Yes,405,7225,447,7267,Bjiggle,1,0,0,0,1,0
222,HDV_1118,TK,506,4,BGX-OVP,Yes,447,7267,455,7275,Bscrounge,1,0,0,0,0,0
255,HDV_1120,TK,578,4,BGX-OVP,Yes,451,8245,507,8301,Alog,1,0,0,0,1,0
259,HDV_1120,TK,578,4,BGX-OVP,Yes,573,8367,578,8372,Ascrounge,1,0,0,0,0,0
261,HDV_1120,TK,578,4,BXB-BSB,Yes,59,7853,66,7860,CattemptD,0,0,0,1,0,0
253,HDV_1120,TK,578,4,BXB-BSB,Yes,66,7860,71,7865,BdownT,1,0,0,0,1,0
237,HDV_1119,TK,468,4,BXB-BSB,Yes,79,7405,89,7415,OAattemptD,0,0,1,1,0,1
248,HDV_1119,TK,468,4,BXB-BSB,Yes,97,7423,108,7434,BdownT,1,0,0,0,1,0
235,HDV_1119,TK,468,4,BXB-BSB,Yes,167,7493,184,7510,B,1,0,0,0,1,0
241,HDV_1119,TK,468,4,BXB-BSB,Yes,279,7605,325,7651,OAjiggle,0,1,0,0,0,1
233,HDV_1118,TK,506,4,BXB-BSB,Yes,342,7162,343,7163,Ascrounge,1,0,0,0,0,0
246,HDV_1119,TK,468,4,BXB-BSB,Yes,397,7723,417,7743,BattemptL,0,0,0,1,0,0
242,HDV_1119,TK,468,4,BXB-BSB,Yes,417,7743,429,7755,CattemptD,0,0,0,1,0,0
263,HDV_1120,TK,578,4,BXB-BSB,Yes,451,8245,507,8301,OAlog,0,1,0,0,0,1
254,HDV_1120,TK,578,4,BXB-BSB,Yes,529,8323,539,8333,Ascrounge,1,0,0,0,0,0
243,HDV_1119,TK,468,4,OOM-XRR,Yes,79,7405,89,7415,AattemptD,0,0,0,1,0,0
229,HDV_1118,TK,506,4,OOM-XRR,Yes,265,7085,331,7151,OAjiggle,0,1,0,0,0,1
247,HDV_1119,TK,468,4,OOM-XRR,Yes,279,7605,325,7651,OAjiggle,0,1,0,0,0,1
245,HDV_1119,TK,468,4,OOM-XRR,Yes,325,7651,340,7666,Ascrounge,1,0,0,0,0,0
223,HDV_1118,TK,506,4,OOM-XRR,Yes,335,7155,335,7155,Ascrounge,1,0,0,0,0,0
227,HDV_1118,TK,506,4,OOM-XRR,Yes,396,7216,400,7220,Ascrounge,1,0,0,0,0,0
257,HDV_1120,TK,578,4,PBR-BOX,Yes,509,8303,513,8307,Ascrounge,1,0,0,0,0,0
260,HDV_1120,TK,578,4,YR-X,No,75,7869,87,7881,OAattemptD,0,0,1,1,0,1
256,HDV_1120,TK,578,4,YR-X,No,94,7888,98,7892,Bscrounge,1,0,0,0,0,0
234,HDV_1119,TK,468,4,YR-X,No,120,7446,130,7456,Bscrounge,1,0,0,0,0,0
224,HDV_1118,TK,506,4,YR-X,No,259,7079,265,7085,ODattempt,0,0,1,1,0,1
231,HDV_1118,TK,506,4,YR-X,No,265,7085,331,7151,OAjiggle,0,1,0,0,0,1
240,HDV_1119,TK,468,4,YR-X,No,279,7605,325,7651,OAjiggle,0,1,0,0,0,1
244,HDV_1119,TK,468,4,YR-X,No,333,7659,339,7665,Ascrounge,1,0,0,0,0,0
230,HDV_1118,TK,506,4,YR-X,No,338,7158,338,7158,Ascrounge,1,0,0,0,0,0
226,HDV_1118,TK,506,4,YR-X,No,405,7225,447,7267,OBjiggle,0,1,0,0,0,1
262,HDV_1120,TK,578,4,YR-X,No,451,8245,507,8301,OAlog,0,1,0,0,0,1
252,HDV_1120,TK,578,4,YR-X,No,513,8307,515,8309,Ascrounge,1,0,0,0,0,0
220,HDV_1116,UC,392,1,BX-SVG,Yes,130,1037,163,1070,AattemptD,0,0,0,1,0,0
211,HDV_1115,UC,907,1,BX-SVG,Yes,137,137,142,142,Dattempt,0,0,0,1,0,0
213,HDV_1116,UC,392,1,BX-SVG,Yes,163,1070,179,1086,BattemptD,0,0,0,1,0,0
212,HDV_1116,UC,392,1,BX-SVG,Yes,179,1086,201,1108,AattemptD,0,0,0,1,0,0
216,HDV_1116,UC,392,1,GVX-GSS,No,179,1086,201,1108,OAattemptD,0,0,1,1,0,1
215,HDV_1116,UC,392,1,KPX-BSP,No,130,1037,163,1070,OAattemptD,0,0,1,1,0,1
218,HDV_1116,UC,392,1,KPX-BSP,No,179,1086,201,1108,OAattemptD,0,0,1,1,0,1
217,HDV_1116,UC,392,1,KPX-BSP,No,224,1131,261,1168,Dpush,1,0,0,0,1,0
219,HDV_1116,UC,392,1,RBX-WVP,No,224,1131,261,1168,ODpush,0,1,0,0,0,1
214,HDV_1116,UC,392,1,WSX-GPV,No,224,1131,261,1168,ODpush,0,1,0,0,0,1
209,HDV_1113,UC,907,2,BX-SVG,Yes,99,1398,113,1412,BattemptD,0,0,0,1,0,0
210,HDV_1113,UC,907,2,BX-SVG,Yes,207,1506,235,1534,AattemptL,0,0,0,1,0,0
549,MAH00544,XMO,1579,1,BYP-OWX,Yes,839,839,893,893,OAattemptL,0,0,1,1,0,1
510,MAH00544,XMO,1579,1,GOR-RYX,Yes,325,325,325,325,CattemptD,0,0,0,1,0,0
547,MAH00544,XMO,1579,1,GOR-RYX,Yes,346,346,347,347,BupT,1,0,0,0,1,0
535,MAH00544,XMO,1579,1,GOR-RYX,Yes,425,425,429,429,B,1,0,0,0,1,0
531,MAH00544,XMO,1579,1,GOR-RYX,Yes,562,562,565,565,Bscrounge,1,0,0,0,0,0
541,MAH00544,XMO,1579,1,GOR-RYX,Yes,680,680,685,685,AattemptL,0,0,0,1,0,0
509,MAH00544,XMO,1579,1,GOR-RYX,Yes,701,701,705,705,Ascrounge,1,0,0,0,0,0
513,MAH00544,XMO,1579,1,GOR-RYX,Yes,770,770,874,874,OAattemptL,0,0,1,1,0,1
550,MAH00544,XMO,1579,1,GOR-RYX,Yes,813,813,839,839,CattemptD,0,0,0,1,0,0
520,MAH00544,XMO,1579,1,GOR-RYX,Yes,839,839,893,893,AattemptL,0,0,0,1,0,0
517,MAH00544,XMO,1579,1,GOR-RYX,Yes,1151,1151,1159,1159,BattemptL,0,0,0,1,0,0
516,MAH00544,XMO,1579,1,GOR-RYX,Yes,1159,1159,1166,1166,AattemptD,0,0,0,1,0,0
506,MAH00544,XMO,1579,1,GOR-RYX,Yes,1166,1166,1172,1172,BattemptD,0,0,0,1,0,0
536,MAH00544,XMO,1579,1,GOR-RYX,Yes,1172,1172,1180,1180,CattemptD,0,0,0,1,0,0
533,MAH00544,XMO,1579,1,GOR-RYX,Yes,1180,1180,1183,1183,BattemptL,0,0,0,1,0,0
523,MAH00544,XMO,1579,1,GOR-RYX,Yes,1183,1183,1192,1192,AattemptD,0,0,0,1,0,0
528,MAH00544,XMO,1579,1,GOR-RYX,Yes,1307,1307,1314,1314,Dpush,1,0,0,0,1,0
534,MAH00544,XMO,1579,1,GOR-RYX,Yes,1395,1395,1397,1397,Dpush,1,0,0,0,1,0
511,MAH00544,XMO,1579,1,GOR-RYX,Yes,1440,1440,1447,1447,Dpush,1,0,0,0,1,0
519,MAH00544,XMO,1579,1,MOR-GGM,No,325,325,325,325,OCattemptD,0,0,1,1,0,1
524,MAH00544,XMO,1579,1,MOR-GGM,No,384,384,396,396,AattemptL,0,0,0,1,0,0
546,MAH00544,XMO,1579,1,MOR-GGM,No,770,770,874,874,AattemptL,0,0,0,1,0,0
512,MAH00544,XMO,1579,1,MOR-GGM,No,813,813,839,839,OCattemptD,0,0,1,1,0,1
552,MAH00544,XMO,1579,1,MOR-GGM,No,839,839,893,893,OAattemptL,0,0,1,1,0,1
539,MAH00544,XMO,1579,1,MOR-GGM,No,980,980,1003,1003,AattemptL,0,0,0,1,0,0
527,MAH00544,XMO,1579,1,MOR-GGM,No,1166,1166,1172,1172,OBattemptD,0,0,1,1,0,1
507,MAH00544,XMO,1579,1,MOR-GGM,No,1172,1172,1180,1180,OCattemptD,0,0,1,1,0,1
514,MAH00544,XMO,1579,1,MOR-GGM,No,1282,1282,1290,1290,ODpush,0,1,0,0,0,1
529,MAH00544,XMO,1579,1,MOR-GGM,No,1293,1293,1302,1302,Dpush,1,0,0,0,1,0
518,MAH00544,XMO,1579,1,MOR-GGM,No,1430,1430,1437,1437,Dpush,1,0,0,0,1,0
551,MAH00544,XMO,1579,1,POW-RXR,Yes,680,680,685,685,OAattemptL,0,0,1,1,0,1
526,MAH00544,XMO,1579,1,WOX-RMM,Yes,425,425,429,429,OB,0,0,1,0,0,1
542,MAH00544,XMO,1579,1,WOX-RMM,Yes,482,482,483,483,Bscrounge,1,0,0,0,0,0
522,MAH00544,XMO,1579,1,WOX-RMM,Yes,600,600,605,605,Bscrounge,1,0,0,0,0,0
515,MAH00544,XMO,1579,1,WOX-RMM,Yes,649,649,661,661,Bscrounge,1,0,0,0,0,0
538,MAH00544,XMO,1579,1,WOX-RMM,Yes,737,737,741,741,Dpush,1,0,0,0,1,0
540,MAH00544,XMO,1579,1,WOX-RMM,Yes,770,770,874,874,OAattemptL,0,0,1,1,0,1
532,MAH00544,XMO,1579,1,WOX-RMM,Yes,1151,1151,1159,1159,OBattemptL,0,0,1,1,0,1
525,MAH00544,XMO,1579,1,WOX-RMM,Yes,1159,1159,1166,1166,OAattemptD,0,0,1,1,0,1
530,MAH00544,XMO,1579,1,WOX-RMM,Yes,1282,1282,1290,1290,Dpush,1,0,0,0,1,0
508,MAH00544,XMO,1579,1,WOX-RMM,Yes,1395,1395,1397,1397,ODpush,0,1,0,0,0,1
545,MAH00544,XMO,1579,1,X-ROR,Yes,325,325,325,325,OCattemptD,0,0,1,1,0,1
548,MAH00544,XMO,1579,1,X-ROR,Yes,346,346,347,347,OBupT,0,0,1,0,0,1
544,MAH00544,XMO,1579,1,X-ROR,Yes,456,456,456,456,Bscrounge,1,0,0,0,0,0
543,MAH00544,XMO,1579,1,X-ROR,Yes,770,770,874,874,OAattemptL,0,0,1,1,0,1
537,MAH00544,XMO,1579,1,X-ROR,Yes,813,813,839,839,OCattemptD,0,0,1,1,0,1
521,MAH00544,XMO,1579,1,X-ROR,Yes,839,839,893,893,OAattemptL,0,0,1,1,0,1
196,HDV_1108,XMO,907,2,BYP-OWX,Yes,451,2937,457,2943,ODpush,0,1,0,0,0,1
207,HDV_1109,XMO,101,2,GOR-RYX,Yes,6,3399,25,3418,Dattempt,0,0,0,1,0,0
182,HDV_1107,XMO,907,2,GOR-RYX,Yes,338,1917,346,1925,ODpush,0,1,0,0,0,1
200,HDV_1108,XMO,907,2,GOR-RYX,Yes,439,2925,443,2929,OBattemptD,0,0,1,1,0,1
205,HDV_1108,XMO,907,2,GOR-RYX,Yes,473,2959,486,2972,ODpush,0,0,1,0,0,1
202,HDV_1108,XMO,907,2,GOR-RYX,Yes,791,3277,829,3315,OBattemptD,0,0,1,1,0,1
180,HDV_1107,XMO,907,2,GOR-RYX,Yes,872,2451,876,2455,Dpush,1,0,0,0,1,0
197,HDV_1108,XMO,907,2,ORX-GGM,No,439,2925,443,2929,BattemptD,0,0,0,1,0,0
203,HDV_1108,XMO,907,2,ORX-GGM,No,451,2937,457,2943,Dpush,1,0,0,0,1,0
206,HDV_1108,XMO,907,2,ORX-GGM,No,791,3277,829,3315,BattemptD,0,0,0,1,0,0
199,HDV_1108,XMO,907,2,ORX-GGM,No,845,3331,848,3334,BattemptD,0,0,0,1,0,0
176,HDV_1107,XMO,907,2,POW-RXR,Yes,525,2104,525,2104,Dattempt,1,0,0,1,1,0
178,HDV_1107,XMO,907,2,POW-RXR,Yes,805,2384,820,2399,OBattemptD,0,0,1,1,0,1
179,HDV_1107,XMO,907,2,POW-RXR,Yes,878,2457,886,2465,ODpush,0,1,0,0,0,1
198,HDV_1108,XMO,907,2,WOX-RMM,Yes,451,2937,457,2943,ODpush,0,1,0,0,0,1
184,HDV_1107,XMO,907,2,WOX-RMM,Yes,470,2049,477,2056,Dpush,1,0,0,0,1,0
204,HDV_1108,XMO,907,2,WOX-RMM,Yes,473,2959,486,2972,ODpush,0,0,1,0,0,1
181,HDV_1107,XMO,907,2,WOX-RMM,Yes,872,2451,876,2455,ODpush,0,1,0,0,0,1
185,HDV_1107,XMO,907,2,WOX-RMM,Yes,878,2457,886,2465,Dpush,1,0,0,0,1,0
208,HDV_1109,XMO,101,2,X-ROR,Yes,6,3399,25,3418,ODattempt,0,0,1,1,0,1
177,HDV_1107,XMO,907,2,X-ROR,Yes,338,1917,346,1925,Dpush,1,0,0,0,1,0
175,HDV_1107,XMO,907,2,X-ROR,Yes,459,2038,463,2042,BattemptD,0,0,0,1,0,0
201,HDV_1108,XMO,907,2,X-ROR,Yes,473,2959,486,2972,Dpush,1,0,0,0,1,0
183,HDV_1107,XMO,907,2,X-ROR,Yes,805,2384,820,2399,BattemptD,0,0,0,1,0,0
195,HDV_1108,XMO,907,3,X-ROR,Yes,871,3357,891,3377,BattemptD,0,0,0,1,0,0
331,HDV_1129,XMO,633,3,BYP-OWX,Yes,18,4419,19,4420,Bscrounge,1,0,0,0,0,0
335,HDV_1129,XMO,633,3,GOR-RYX,Yes,240,4641,258,4659,BupT,1,0,0,0,1,0
329,HDV_1128,XMO,907,3,GOR-RYX,Yes,891,4385,903,4397,BupT,1,0,0,0,1,0
332,HDV_1129,XMO,633,3,ORX-GGM,No,36,4437,38,4439,Bscrounge,1,0,0,0,0,0
333,HDV_1129,XMO,633,3,ORX-GGM,No,270,4671,272,4673,Bscrounge,1,0,0,0,0,0
334,HDV_1129,XMO,633,3,WOX-RMM,Yes,297,4698,301,4702,Bscrounge,1,0,0,0,0,0
330,HDV_1128,XMO,907,3,WOX-RMM,Yes,907,4401,907,4401,Bscrounge,1,0,0,0,0,0