"","ID","Time1","Time2","observe","Attm","success","Group","testVal"
"1","BOX-KBS",0,153,0,0,0,"HI",0
"2","BOX-KBS",153,284,0,1,0,"HI",0
"3","BOX-KBS",284,303,0,2,0,"HI",0
"4","BOX-KBS",303,325,1,2,0,"HI",0
"5","BOX-KBS",325,343,1,3,0,"HI",0
"6","BOX-KBS",343,386,1,3,0,"HI",0
"7","BOX-KBS",386,388,1,3,0,"HI",0
"8","BOX-KBS",388,396,1,3,0,"HI",0
"9","BOX-KBS",396,399,1,3,0,"HI",0
"10","BOX-KBS",399,402,1,3,0,"HI",0
"11","BOX-KBS",402,410,1,3,0,"HI",0
"12","BOX-KBS",410,417,1,3,0,"HI",0
"13","BOX-KBS",417,461,1,3,0,"HI",0
"14","BOX-KBS",461,481,1,4,0,"HI",0
"15","BOX-KBS",481,484,1,4,1,"HI",0
"16","GVX-GSS",0,153,0,0,0,"UC",0
"17","GVX-GSS",153,284,0,0,0,"UC",0
"18","GVX-GSS",284,303,0,0,0,"UC",0
"19","GVX-GSS",303,325,0,0,0,"UC",0
"20","GVX-GSS",325,343,0,0,0,"UC",0
"21","GVX-GSS",343,386,0,0,0,"UC",0
"22","GVX-GSS",386,388,0,0,0,"UC",0
"23","GVX-GSS",388,396,0,0,0,"UC",0
"24","GVX-GSS",396,399,0,0,0,"UC",0
"25","GVX-GSS",399,402,0,0,0,"UC",0
"26","GVX-GSS",402,410,0,0,0,"UC",0
"27","GVX-GSS",410,417,0,0,0,"UC",0
"28","GVX-GSS",417,461,0,0,0,"UC",0
"29","GVX-GSS",461,481,0,0,0,"UC",0
"30","GVX-GSS",481,484,0,0,0,"UC",0
"31","GVX-GSS",484,485,0,0,0,"UC",0
"32","GVX-GSS",485,495,0,0,0,"UC",0
"33","GVX-GSS",495,499,0,0,0,"UC",0
"34","GVX-GSS",499,534,0,0,0,"UC",0
"35","GVX-GSS",534,571,0,0,0,"UC",0
"36","GVX-GSS",571,576,0,0,0,"UC",0
"37","GVX-GSS",576,750,0,0,0,"UC",0
"38","GVX-GSS",750,760,0,0,0,"UC",0
"39","GVX-GSS",760,769,0,0,0,"UC",0
"40","GVX-GSS",769,773,0,0,0,"UC",0
"41","GVX-GSS",773,797,0,0,0,"UC",0
"42","GVX-GSS",797,817,0,0,0,"UC",0
"43","GVX-GSS",817,821,0,0,0,"UC",0
"44","GVX-GSS",821,829,0,0,0,"UC",0
"45","GVX-GSS",829,839,0,0,0,"UC",0
"46","GVX-GSS",839,851,0,0,0,"UC",0
"47","GVX-GSS",851,874,0,0,0,"UC",0
"48","GVX-GSS",874,893,0,0,0,"UC",0
"49","GVX-GSS",893,917,0,0,0,"UC",0
"50","GVX-GSS",917,934,0,0,0,"UC",0
"51","GVX-GSS",934,938,0,0,0,"UC",0
"52","GVX-GSS",938,971,0,0,0,"UC",0
"53","GVX-GSS",971,987,0,0,0,"UC",0
"54","GVX-GSS",987,1002,0,0,0,"UC",0
"55","GVX-GSS",1002,1003,0,0,0,"UC",0
"56","GVX-GSS",1003,1035,0,0,0,"UC",0
"57","GVX-GSS",1035,1070,0,0,0,"UC",0
"58","GVX-GSS",1070,1085,0,0,0,"UC",0
"59","GVX-GSS",1085,1089,0,0,0,"UC",0
"60","GVX-GSS",1089,1108,0,1,0,"UC",0
"61","GVX-GSS",1108,1112,1,1,0,"UC",0
"62","GVX-GSS",1112,1118,1,1,0,"UC",0
"63","GVX-GSS",1118,1168,1,1,0,"UC",0
"64","GVX-GSS",1168,1172,1,1,0,"UC",0
"65","GVX-GSS",1172,1180,1,1,0,"UC",0
"66","GVX-GSS",1180,1204,1,1,0,"UC",0
"67","GVX-GSS",1204,1290,1,1,0,"UC",0
"68","GVX-GSS",1290,1302,1,1,0,"UC",0
"69","GVX-GSS",1302,1399,1,1,0,"UC",0
"70","GVX-GSS",1399,1427,1,1,0,"UC",0
"71","GVX-GSS",1427,1437,1,1,0,"UC",0
"72","GVX-GSS",1437,1462,1,1,0,"UC",0
"73","GVX-GSS",1462,1481,1,1,0,"UC",0
"74","GVX-GSS",1481,1509,1,1,0,"UC",0
"75","GVX-GSS",1509,1528,1,1,0,"UC",0
"76","GVX-GSS",1528,1558,1,1,0,"UC",0
"77","GVX-GSS",1558,1568,1,1,0,"UC",0
"78","GVX-GSS",1568,1580,1,1,0,"UC",0
"79","GVX-GSS",1580,1815,1,1,0,"UC",0
"80","GVX-GSS",1815,1853,1,1,0,"UC",0
"81","GVX-GSS",1853,2023,1,1,0,"UC",0
"82","GVX-GSS",2023,2062,1,1,0,"UC",0
"83","GVX-GSS",2062,2386,1,1,0,"UC",0
"84","GVX-GSS",2386,2392,1,1,0,"UC",0
"85","GVX-GSS",2392,2407,1,1,0,"UC",0
"86","GVX-GSS",2407,2599,1,1,0,"UC",0
"87","GVX-GSS",2599,2608,1,1,0,"UC",0
"88","GVX-GSS",2608,2617,1,1,0,"UC",0
"89","GVX-GSS",2617,2665,1,1,0,"UC",0
"90","GVX-GSS",2665,2695,1,1,0,"UC",0
"91","GVX-GSS",2695,2826,1,1,0,"UC",0
"92","GVX-GSS",2826,2888,1,1,0,"UC",0
"93","GVX-GSS",2888,2929,1,1,0,"UC",0
"94","GVX-GSS",2929,2943,1,1,0,"UC",0
"95","GVX-GSS",2943,3102,1,1,0,"UC",0
"96","GVX-GSS",3102,3113,1,1,0,"UC",0
"97","GVX-GSS",3113,3138,1,1,0,"UC",0
"98","GVX-GSS",3138,3153,1,1,0,"UC",0
"99","GVX-GSS",3153,3178,1,1,0,"UC",0
"100","GVX-GSS",3178,3204,1,1,0,"UC",0
"101","GVX-GSS",3204,3315,1,1,0,"UC",0
"102","GVX-GSS",3315,3334,1,1,0,"UC",0
"103","GVX-GSS",3334,3593,1,1,0,"UC",0
"104","GVX-GSS",3593,3857,1,1,0,"UC",0
"105","GVX-GSS",3857,3864,1,1,0,"UC",0
"106","GVX-GSS",3864,3885,1,1,0,"UC",0
"107","GVX-GSS",3885,3918,1,1,0,"UC",0
"108","GVX-GSS",3918,3937,1,1,0,"UC",0
"109","GVX-GSS",3937,3977,1,1,0,"UC",0
"110","GVX-GSS",3977,3990,1,1,0,"UC",0
"111","GVX-GSS",3990,4051,1,1,0,"UC",0
"112","GVX-GSS",4051,4055,1,1,0,"UC",0
"113","GVX-GSS",4055,4059,1,1,0,"UC",0
"114","GVX-GSS",4059,4114,1,1,0,"UC",0
"115","GVX-GSS",4114,4165,1,1,0,"UC",0
"116","GVX-GSS",4165,4467,1,1,0,"UC",0
"117","GVX-GSS",4467,4531,1,1,0,"UC",0
"118","GVX-GSS",4531,4732,1,1,0,"UC",0
"119","GVX-GSS",4732,4916,1,1,0,"UC",0
"120","GVX-GSS",4916,4930,1,1,0,"UC",0
"121","GVX-GSS",4930,4955,1,1,0,"UC",0
"122","GVX-GSS",4955,4964,1,1,0,"UC",0
"123","GVX-GSS",4964,4988,1,1,0,"UC",0
"124","GVX-GSS",4988,5034,1,1,0,"UC",0
"125","GVX-GSS",5034,5393,1,1,0,"UC",0
"126","GVX-GSS",5393,5480,1,1,0,"UC",0
"127","GVX-GSS",5480,5580,1,1,0,"UC",0
"128","GVX-GSS",5580,6101,1,1,0,"UC",0
"129","GVX-GSS",6101,6128,1,1,0,"UC",0
"130","GVX-GSS",6128,6133,1,1,0,"UC",0
"131","GVX-GSS",6133,6261,1,1,0,"UC",0
"132","GVX-GSS",6261,6435,1,1,0,"UC",0
"133","GVX-GSS",6435,6478,1,1,0,"UC",0
"134","GVX-GSS",6478,6513,1,1,0,"UC",0
"135","GVX-GSS",6513,6549,1,1,0,"UC",0
"136","GVX-GSS",6549,6555,1,1,0,"UC",0
"137","GVX-GSS",6555,6581,1,1,0,"UC",0
"138","GVX-GSS",6581,6603,1,1,0,"UC",0
"139","GVX-GSS",6603,6740,1,1,0,"UC",0
"140","GVX-GSS",6740,6753,1,1,0,"UC",0
"141","GVX-GSS",6753,6785,1,1,0,"UC",0
"142","GVX-GSS",6785,7085,1,1,0,"UC",0
"143","GVX-GSS",7085,7151,1,1,0,"UC",0
"144","GVX-GSS",7151,7267,1,1,0,"UC",0
"145","GVX-GSS",7267,7651,1,1,0,"UC",0
"146","GVX-GSS",7651,7881,1,1,0,"UC",0
"147","GVX-GSS",7881,8301,1,1,0,"UC",0
"148","GVX-GSS",8301,8372,1,1,0,"UC",0
"149","KBV-GKX",0,153,0,0,0,"KI",0
"150","KBV-GKX",153,284,0,0,0,"KI",0
"151","KBV-GKX",284,303,0,0,0,"KI",0
"152","KBV-GKX",303,325,0,0,0,"KI",0
"153","KBV-GKX",325,343,0,0,0,"KI",0
"154","KBV-GKX",343,386,0,0,0,"KI",0
"155","KBV-GKX",386,388,0,0,0,"KI",0
"156","KBV-GKX",388,396,0,0,0,"KI",0
"157","KBV-GKX",396,399,0,0,0,"KI",0
"158","KBV-GKX",399,402,0,0,0,"KI",0
"159","KBV-GKX",402,410,0,0,0,"KI",0
"160","KBV-GKX",410,417,0,0,0,"KI",0
"161","KBV-GKX",417,461,0,0,0,"KI",0
"162","KBV-GKX",461,481,0,0,0,"KI",0
"163","KBV-GKX",481,484,0,0,0,"KI",0
"164","KBV-GKX",484,485,0,0,0,"KI",0
"165","KBV-GKX",485,495,0,0,0,"KI",0
"166","KBV-GKX",495,499,0,1,0,"KI",0
"167","KBV-GKX",499,534,1,1,0,"KI",0
"168","KBV-GKX",534,571,1,1,0,"KI",0
"169","KBV-GKX",571,576,1,1,0,"KI",0
"170","KBV-GKX",576,750,1,1,0,"KI",0
"171","KBV-GKX",750,760,1,1,0,"KI",0
"172","KBV-GKX",760,769,1,1,0,"KI",0
"173","KBV-GKX",769,773,1,1,0,"KI",0
"174","KBV-GKX",773,797,1,1,0,"KI",0
"175","KBV-GKX",797,817,1,1,0,"KI",0
"176","KBV-GKX",817,821,1,1,0,"KI",0
"177","KBV-GKX",821,829,1,1,0,"KI",0
"178","KBV-GKX",829,839,1,1,0,"KI",0
"179","KBV-GKX",839,851,1,1,0,"KI",0
"180","KBV-GKX",851,874,1,1,0,"KI",0
"181","KBV-GKX",874,893,1,1,0,"KI",0
"182","KBV-GKX",893,917,1,1,0,"KI",0
"183","KBV-GKX",917,934,1,1,0,"KI",0
"184","KBV-GKX",934,938,1,1,1,"KI",0
"185","KPV-GWX",0,153,0,0,0,"HI",0
"186","KPV-GWX",153,284,0,0,0,"HI",0
"187","KPV-GWX",284,303,0,0,0,"HI",0
"188","KPV-GWX",303,325,0,0,0,"HI",0
"189","KPV-GWX",325,343,0,0,0,"HI",0
"190","KPV-GWX",343,386,0,0,0,"HI",0
"191","KPV-GWX",386,388,0,0,0,"HI",0
"192","KPV-GWX",388,396,0,0,0,"HI",0
"193","KPV-GWX",396,399,0,0,0,"HI",0
"194","KPV-GWX",399,402,0,0,0,"HI",0
"195","KPV-GWX",402,410,0,0,0,"HI",0
"196","KPV-GWX",410,417,0,0,0,"HI",0
"197","KPV-GWX",417,461,0,0,0,"HI",0
"198","KPV-GWX",461,481,0,0,0,"HI",0
"199","KPV-GWX",481,484,0,0,0,"HI",0
"200","KPV-GWX",484,485,0,0,0,"HI",0
"201","KPV-GWX",485,495,0,0,0,"HI",0
"202","KPV-GWX",495,499,0,0,0,"HI",0
"203","KPV-GWX",499,534,0,0,0,"HI",0
"204","KPV-GWX",534,571,0,0,0,"HI",0
"205","KPV-GWX",571,576,0,0,0,"HI",0
"206","KPV-GWX",576,750,0,0,0,"HI",0
"207","KPV-GWX",750,760,0,0,0,"HI",0
"208","KPV-GWX",760,769,0,0,0,"HI",0
"209","KPV-GWX",769,773,0,0,0,"HI",0
"210","KPV-GWX",773,797,0,0,0,"HI",0
"211","KPV-GWX",797,817,0,0,0,"HI",0
"212","KPV-GWX",817,821,0,0,0,"HI",0
"213","KPV-GWX",821,829,0,0,0,"HI",0
"214","KPV-GWX",829,839,0,0,0,"HI",0
"215","KPV-GWX",839,851,0,0,0,"HI",0
"216","KPV-GWX",851,874,0,0,0,"HI",0
"217","KPV-GWX",874,893,0,0,0,"HI",0
"218","KPV-GWX",893,917,0,0,0,"HI",0
"219","KPV-GWX",917,934,0,0,0,"HI",0
"220","KPV-GWX",934,938,0,0,0,"HI",0
"221","KPV-GWX",938,971,0,0,0,"HI",0
"222","KPV-GWX",971,987,0,0,0,"HI",0
"223","KPV-GWX",987,1002,0,0,0,"HI",0
"224","KPV-GWX",1002,1003,0,0,0,"HI",0
"225","KPV-GWX",1003,1035,0,0,0,"HI",0
"226","KPV-GWX",1035,1070,0,0,0,"HI",0
"227","KPV-GWX",1070,1085,0,0,0,"HI",0
"228","KPV-GWX",1085,1089,0,0,0,"HI",0
"229","KPV-GWX",1089,1108,0,0,0,"HI",0
"230","KPV-GWX",1108,1112,0,0,0,"HI",0
"231","KPV-GWX",1112,1118,0,0,0,"HI",0
"232","KPV-GWX",1118,1168,0,0,0,"HI",0
"233","KPV-GWX",1168,1172,0,0,0,"HI",0
"234","KPV-GWX",1172,1180,0,0,0,"HI",0
"235","KPV-GWX",1180,1204,0,0,0,"HI",0
"236","KPV-GWX",1204,1290,0,0,0,"HI",0
"237","KPV-GWX",1290,1302,0,0,0,"HI",0
"238","KPV-GWX",1302,1399,0,0,0,"HI",0
"239","KPV-GWX",1399,1427,0,0,0,"HI",0
"240","KPV-GWX",1427,1437,0,0,0,"HI",0
"241","KPV-GWX",1437,1462,0,0,0,"HI",0
"242","KPV-GWX",1462,1481,0,0,0,"HI",0
"243","KPV-GWX",1481,1509,0,0,0,"HI",0
"244","KPV-GWX",1509,1528,0,0,0,"HI",0
"245","KPV-GWX",1528,1558,0,0,0,"HI",0
"246","KPV-GWX",1558,1568,0,0,0,"HI",0
"247","KPV-GWX",1568,1580,0,0,0,"HI",0
"248","KPV-GWX",1580,1815,0,0,0,"HI",0
"249","KPV-GWX",1815,1853,0,0,0,"HI",0
"250","KPV-GWX",1853,2023,0,0,0,"HI",0
"251","KPV-GWX",2023,2062,0,0,0,"HI",0
"252","KPV-GWX",2062,2386,0,0,0,"HI",0
"253","KPV-GWX",2386,2392,0,0,0,"HI",0
"254","KPV-GWX",2392,2407,0,0,0,"HI",0
"255","KPV-GWX",2407,2599,0,0,0,"HI",0
"256","KPV-GWX",2599,2608,0,0,0,"HI",0
"257","KPV-GWX",2608,2617,0,0,0,"HI",0
"258","KPV-GWX",2617,2665,0,0,0,"HI",0
"259","KPV-GWX",2665,2695,0,0,0,"HI",0
"260","KPV-GWX",2695,2826,0,0,0,"HI",0
"261","KPV-GWX",2826,2888,0,0,0,"HI",0
"262","KPV-GWX",2888,2929,0,0,0,"HI",0
"263","KPV-GWX",2929,2943,0,0,0,"HI",0
"264","KPV-GWX",2943,3102,0,0,0,"HI",0
"265","KPV-GWX",3102,3113,0,0,0,"HI",0
"266","KPV-GWX",3113,3138,0,0,0,"HI",0
"267","KPV-GWX",3138,3153,0,0,0,"HI",0
"268","KPV-GWX",3153,3178,0,0,0,"HI",0
"269","KPV-GWX",3178,3204,0,0,0,"HI",0
"270","KPV-GWX",3204,3315,0,0,0,"HI",0
"271","KPV-GWX",3315,3334,0,0,0,"HI",0
"272","KPV-GWX",3334,3593,0,0,0,"HI",0
"273","KPV-GWX",3593,3857,0,0,0,"HI",0
"274","KPV-GWX",3857,3864,0,0,0,"HI",0
"275","KPV-GWX",3864,3885,0,0,0,"HI",0
"276","KPV-GWX",3885,3918,0,0,0,"HI",0
"277","KPV-GWX",3918,3937,0,0,0,"HI",0
"278","KPV-GWX",3937,3977,0,0,0,"HI",0
"279","KPV-GWX",3977,3990,0,0,0,"HI",0
"280","KPV-GWX",3990,4051,0,0,0,"HI",0
"281","KPV-GWX",4051,4055,0,0,0,"HI",0
"282","KPV-GWX",4055,4059,0,0,0,"HI",0
"283","KPV-GWX",4059,4114,0,0,0,"HI",0
"284","KPV-GWX",4114,4165,0,0,0,"HI",0
"285","KPV-GWX",4165,4467,0,0,0,"HI",0
"286","KPV-GWX",4467,4531,0,0,0,"HI",0
"287","KPV-GWX",4531,4732,0,0,0,"HI",0
"288","KPV-GWX",4732,4916,0,0,0,"HI",0
"289","KPV-GWX",4916,4930,0,0,0,"HI",0
"290","KPV-GWX",4930,4955,0,0,0,"HI",0
"291","KPV-GWX",4955,4964,0,0,0,"HI",0
"292","KPV-GWX",4964,4988,0,0,0,"HI",0
"293","KPV-GWX",4988,5034,0,0,0,"HI",0
"294","KPV-GWX",5034,5393,0,0,0,"HI",0
"295","KPV-GWX",5393,5480,0,0,0,"HI",0
"296","KPV-GWX",5480,5580,0,0,0,"HI",0
"297","KPV-GWX",5580,6101,0,1,0,"HI",0
"298","KPV-GWX",6101,6128,1,1,0,"HI",0
"299","KPV-GWX",6128,6133,1,1,0,"HI",0
"300","KPV-GWX",6133,6261,1,1,0,"HI",0
"301","KPV-GWX",6261,6435,1,1,0,"HI",0
"302","KPV-GWX",6435,6478,1,1,0,"HI",0
"303","KPV-GWX",6478,6513,1,1,0,"HI",0
"304","KPV-GWX",6513,6549,1,1,0,"HI",0
"305","KPV-GWX",6549,6555,1,1,0,"HI",0
"306","KPV-GWX",6555,6581,1,1,0,"HI",0
"307","KPV-GWX",6581,6603,1,1,0,"HI",0
"308","KPV-GWX",6603,6740,1,1,0,"HI",0
"309","KPV-GWX",6740,6753,1,1,0,"HI",0
"310","KPV-GWX",6753,6785,1,1,0,"HI",0
"311","KPV-GWX",6785,7085,1,1,0,"HI",0
"312","KPV-GWX",7085,7151,1,1,0,"HI",0
"313","KPV-GWX",7151,7267,1,1,0,"HI",0
"314","KPV-GWX",7267,7651,1,1,0,"HI",0
"315","KPV-GWX",7651,7881,1,1,0,"HI",0
"316","KPV-GWX",7881,8301,1,1,0,"HI",0
"317","KPV-GWX",8301,8372,1,1,0,"HI",0
"318","KPX-BSP",0,153,0,0,0,"UC",0
"319","KPX-BSP",153,284,0,0,0,"UC",0
"320","KPX-BSP",284,303,0,0,0,"UC",0
"321","KPX-BSP",303,325,0,0,0,"UC",0
"322","KPX-BSP",325,343,0,0,0,"UC",0
"323","KPX-BSP",343,386,0,0,0,"UC",0
"324","KPX-BSP",386,388,0,0,0,"UC",0
"325","KPX-BSP",388,396,0,0,0,"UC",0
"326","KPX-BSP",396,399,0,0,0,"UC",0
"327","KPX-BSP",399,402,0,0,0,"UC",0
"328","KPX-BSP",402,410,0,0,0,"UC",0
"329","KPX-BSP",410,417,0,0,0,"UC",0
"330","KPX-BSP",417,461,0,0,0,"UC",0
"331","KPX-BSP",461,481,0,0,0,"UC",0
"332","KPX-BSP",481,484,0,0,0,"UC",0
"333","KPX-BSP",484,485,0,0,0,"UC",0
"334","KPX-BSP",485,495,0,0,0,"UC",0
"335","KPX-BSP",495,499,0,0,0,"UC",0
"336","KPX-BSP",499,534,0,0,0,"UC",0
"337","KPX-BSP",534,571,0,0,0,"UC",0
"338","KPX-BSP",571,576,0,0,0,"UC",0
"339","KPX-BSP",576,750,0,0,0,"UC",0
"340","KPX-BSP",750,760,0,0,0,"UC",0
"341","KPX-BSP",760,769,0,0,0,"UC",0
"342","KPX-BSP",769,773,0,0,0,"UC",0
"343","KPX-BSP",773,797,0,0,0,"UC",0
"344","KPX-BSP",797,817,0,0,0,"UC",0
"345","KPX-BSP",817,821,0,0,0,"UC",0
"346","KPX-BSP",821,829,0,0,0,"UC",0
"347","KPX-BSP",829,839,0,0,0,"UC",0
"348","KPX-BSP",839,851,0,0,0,"UC",0
"349","KPX-BSP",851,874,0,0,0,"UC",0
"350","KPX-BSP",874,893,0,0,0,"UC",0
"351","KPX-BSP",893,917,0,0,0,"UC",0
"352","KPX-BSP",917,934,0,0,0,"UC",0
"353","KPX-BSP",934,938,0,0,0,"UC",0
"354","KPX-BSP",938,971,0,0,0,"UC",0
"355","KPX-BSP",971,987,0,0,0,"UC",0
"356","KPX-BSP",987,1002,0,0,0,"UC",0
"357","KPX-BSP",1002,1003,0,0,0,"UC",0
"358","KPX-BSP",1003,1035,0,0,0,"UC",0
"359","KPX-BSP",1035,1070,0,1,0,"UC",0
"360","KPX-BSP",1070,1085,1,1,0,"UC",0
"361","KPX-BSP",1085,1089,1,1,0,"UC",0
"362","KPX-BSP",1089,1108,1,2,0,"UC",0
"363","KPX-BSP",1108,1112,2,2,0,"UC",0
"364","KPX-BSP",1112,1118,2,2,0,"UC",0
"365","KPX-BSP",1118,1168,2,2,1,"UC",0
"366","KVV-BPX",0,153,0,0,0,"TK",0
"367","KVV-BPX",153,284,0,0,0,"TK",0
"368","KVV-BPX",284,303,0,0,0,"TK",0
"369","KVV-BPX",303,325,0,0,0,"TK",0
"370","KVV-BPX",325,343,0,0,0,"TK",0
"371","KVV-BPX",343,386,0,0,0,"TK",0
"372","KVV-BPX",386,388,0,0,0,"TK",0
"373","KVV-BPX",388,396,0,0,0,"TK",0
"374","KVV-BPX",396,399,0,0,0,"TK",0
"375","KVV-BPX",399,402,0,0,0,"TK",0
"376","KVV-BPX",402,410,0,0,0,"TK",0
"377","KVV-BPX",410,417,0,0,0,"TK",0
"378","KVV-BPX",417,461,0,0,0,"TK",0
"379","KVV-BPX",461,481,0,0,0,"TK",0
"380","KVV-BPX",481,484,0,0,0,"TK",0
"381","KVV-BPX",484,485,0,0,0,"TK",0
"382","KVV-BPX",485,495,0,0,0,"TK",0
"383","KVV-BPX",495,499,0,0,0,"TK",0
"384","KVV-BPX",499,534,0,0,0,"TK",0
"385","KVV-BPX",534,571,0,0,0,"TK",0
"386","KVV-BPX",571,576,0,0,0,"TK",0
"387","KVV-BPX",576,750,0,0,0,"TK",0
"388","KVV-BPX",750,760,0,0,0,"TK",0
"389","KVV-BPX",760,769,0,0,0,"TK",0
"390","KVV-BPX",769,773,0,0,0,"TK",0
"391","KVV-BPX",773,797,0,0,0,"TK",0
"392","KVV-BPX",797,817,0,0,0,"TK",0
"393","KVV-BPX",817,821,0,0,0,"TK",0
"394","KVV-BPX",821,829,0,0,0,"TK",0
"395","KVV-BPX",829,839,0,0,0,"TK",0
"396","KVV-BPX",839,851,0,0,0,"TK",0
"397","KVV-BPX",851,874,0,0,0,"TK",0
"398","KVV-BPX",874,893,0,0,0,"TK",0
"399","KVV-BPX",893,917,0,0,0,"TK",0
"400","KVV-BPX",917,934,0,0,0,"TK",0
"401","KVV-BPX",934,938,0,0,0,"TK",0
"402","KVV-BPX",938,971,0,0,0,"TK",0
"403","KVV-BPX",971,987,0,0,0,"TK",0
"404","KVV-BPX",987,1002,0,0,0,"TK",0
"405","KVV-BPX",1002,1003,0,0,0,"TK",0
"406","KVV-BPX",1003,1035,0,0,0,"TK",0
"407","KVV-BPX",1035,1070,0,0,0,"TK",0
"408","KVV-BPX",1070,1085,0,0,0,"TK",0
"409","KVV-BPX",1085,1089,0,0,0,"TK",0
"410","KVV-BPX",1089,1108,0,0,0,"TK",0
"411","KVV-BPX",1108,1112,0,0,0,"TK",0
"412","KVV-BPX",1112,1118,0,0,0,"TK",0
"413","KVV-BPX",1118,1168,0,0,0,"TK",0
"414","KVV-BPX",1168,1172,0,0,0,"TK",0
"415","KVV-BPX",1172,1180,0,0,0,"TK",0
"416","KVV-BPX",1180,1204,0,0,0,"TK",0
"417","KVV-BPX",1204,1290,0,0,0,"TK",0
"418","KVV-BPX",1290,1302,0,0,0,"TK",0
"419","KVV-BPX",1302,1399,0,0,0,"TK",0
"420","KVV-BPX",1399,1427,0,0,0,"TK",0
"421","KVV-BPX",1427,1437,0,0,0,"TK",0
"422","KVV-BPX",1437,1462,0,0,0,"TK",0
"423","KVV-BPX",1462,1481,0,0,0,"TK",0
"424","KVV-BPX",1481,1509,0,0,0,"TK",0
"425","KVV-BPX",1509,1528,0,0,0,"TK",0
"426","KVV-BPX",1528,1558,0,0,0,"TK",0
"427","KVV-BPX",1558,1568,0,0,0,"TK",0
"428","KVV-BPX",1568,1580,0,0,0,"TK",0
"429","KVV-BPX",1580,1815,0,0,0,"TK",0
"430","KVV-BPX",1815,1853,0,0,0,"TK",0
"431","KVV-BPX",1853,2023,0,0,0,"TK",0
"432","KVV-BPX",2023,2062,0,0,0,"TK",0
"433","KVV-BPX",2062,2386,0,0,0,"TK",0
"434","KVV-BPX",2386,2392,0,0,0,"TK",0
"435","KVV-BPX",2392,2407,0,0,0,"TK",0
"436","KVV-BPX",2407,2599,0,0,0,"TK",0
"437","KVV-BPX",2599,2608,0,0,0,"TK",0
"438","KVV-BPX",2608,2617,0,0,0,"TK",0
"439","KVV-BPX",2617,2665,0,0,0,"TK",0
"440","KVV-BPX",2665,2695,0,0,0,"TK",0
"441","KVV-BPX",2695,2826,0,0,0,"TK",0
"442","KVV-BPX",2826,2888,0,0,0,"TK",0
"443","KVV-BPX",2888,2929,0,0,0,"TK",0
"444","KVV-BPX",2929,2943,0,0,0,"TK",0
"445","KVV-BPX",2943,3102,0,0,0,"TK",0
"446","KVV-BPX",3102,3113,0,0,0,"TK",0
"447","KVV-BPX",3113,3138,0,0,0,"TK",0
"448","KVV-BPX",3138,3153,0,0,0,"TK",0
"449","KVV-BPX",3153,3178,0,0,0,"TK",0
"450","KVV-BPX",3178,3204,0,0,0,"TK",0
"451","KVV-BPX",3204,3315,0,0,0,"TK",0
"452","KVV-BPX",3315,3334,0,0,0,"TK",0
"453","KVV-BPX",3334,3593,0,0,0,"TK",0
"454","KVV-BPX",3593,3857,0,0,0,"TK",0
"455","KVV-BPX",3857,3864,0,0,0,"TK",0
"456","KVV-BPX",3864,3885,0,0,0,"TK",0
"457","KVV-BPX",3885,3918,0,0,0,"TK",0
"458","KVV-BPX",3918,3937,0,0,0,"TK",0
"459","KVV-BPX",3937,3977,0,0,0,"TK",0
"460","KVV-BPX",3977,3990,0,0,0,"TK",0
"461","KVV-BPX",3990,4051,0,0,0,"TK",0
"462","KVV-BPX",4051,4055,0,0,0,"TK",0
"463","KVV-BPX",4055,4059,0,0,0,"TK",0
"464","KVV-BPX",4059,4114,0,0,0,"TK",0
"465","KVV-BPX",4114,4165,0,0,0,"TK",0
"466","KVV-BPX",4165,4467,0,0,0,"TK",0
"467","KVV-BPX",4467,4531,0,0,0,"TK",0
"468","KVV-BPX",4531,4732,1,0,0,"TK",0
"469","KVV-BPX",4732,4916,1,0,0,"TK",0
"470","KVV-BPX",4916,4930,1,0,0,"TK",0
"471","KVV-BPX",4930,4955,1,0,0,"TK",0
"472","KVV-BPX",4955,4964,1,0,0,"TK",0
"473","KVV-BPX",4964,4988,1,0,0,"TK",0
"474","KVV-BPX",4988,5034,1,0,0,"TK",0
"475","KVV-BPX",5034,5393,1,0,0,"TK",0
"476","KVV-BPX",5393,5480,1,0,0,"TK",0
"477","KVV-BPX",5480,5580,1,0,0,"TK",0
"478","KVV-BPX",5580,6101,1,0,0,"TK",0
"479","KVV-BPX",6101,6128,1,0,0,"TK",0
"480","KVV-BPX",6128,6133,1,0,0,"TK",0
"481","KVV-BPX",6133,6261,1,0,0,"TK",0
"482","KVV-BPX",6261,6435,1,0,0,"TK",0
"483","KVV-BPX",6435,6478,1,0,0,"TK",0
"484","KVV-BPX",6478,6513,1,0,0,"TK",0
"485","KVV-BPX",6513,6549,1,0,0,"TK",0
"486","KVV-BPX",6549,6555,1,0,0,"TK",0
"487","KVV-BPX",6555,6581,1,0,0,"TK",0
"488","KVV-BPX",6581,6603,1,0,0,"TK",0
"489","KVV-BPX",6603,6740,1,0,0,"TK",0
"490","KVV-BPX",6740,6753,1,0,0,"TK",0
"491","KVV-BPX",6753,6785,1,0,0,"TK",0
"492","KVV-BPX",6785,7085,1,0,0,"TK",0
"493","KVV-BPX",7085,7151,1,0,0,"TK",0
"494","KVV-BPX",7151,7267,1,0,0,"TK",0
"495","KVV-BPX",7267,7651,1,0,0,"TK",0
"496","KVV-BPX",7651,7881,1,0,0,"TK",0
"497","KVV-BPX",7881,8301,1,0,0,"TK",0
"498","KVV-BPX",8301,8372,1,0,0,"TK",0
"499","MOR-GGM",0,153,0,0,0,"XMO",0
"500","MOR-GGM",153,284,0,0,0,"XMO",0
"501","MOR-GGM",284,303,0,0,0,"XMO",0
"502","MOR-GGM",303,325,0,1,0,"XMO",0
"503","MOR-GGM",325,343,1,1,0,"XMO",0
"504","MOR-GGM",343,386,1,1,0,"XMO",0
"505","MOR-GGM",386,388,1,1,0,"XMO",0
"506","MOR-GGM",388,396,1,2,0,"XMO",0
"507","MOR-GGM",396,399,1,2,0,"XMO",0
"508","MOR-GGM",399,402,1,2,0,"XMO",0
"509","MOR-GGM",402,410,1,2,0,"XMO",0
"510","MOR-GGM",410,417,1,2,0,"XMO",0
"511","MOR-GGM",417,461,1,2,0,"XMO",0
"512","MOR-GGM",461,481,1,2,0,"XMO",0
"513","MOR-GGM",481,484,1,2,0,"XMO",0
"514","MOR-GGM",484,485,1,2,0,"XMO",0
"515","MOR-GGM",485,495,1,2,0,"XMO",0
"516","MOR-GGM",495,499,1,2,0,"XMO",0
"517","MOR-GGM",499,534,1,2,0,"XMO",0
"518","MOR-GGM",534,571,1,2,0,"XMO",0
"519","MOR-GGM",571,576,1,2,0,"XMO",0
"520","MOR-GGM",576,750,1,2,0,"XMO",0
"521","MOR-GGM",750,760,1,2,0,"XMO",0
"522","MOR-GGM",760,769,1,2,0,"XMO",0
"523","MOR-GGM",769,773,1,2,0,"XMO",0
"524","MOR-GGM",773,797,1,2,0,"XMO",0
"525","MOR-GGM",797,817,1,2,0,"XMO",0
"526","MOR-GGM",817,821,1,2,0,"XMO",0
"527","MOR-GGM",821,829,1,2,0,"XMO",0
"528","MOR-GGM",829,839,1,3,0,"XMO",0
"529","MOR-GGM",839,851,2,3,0,"XMO",0
"530","MOR-GGM",851,874,2,4,0,"XMO",0
"531","MOR-GGM",874,893,2,5,0,"XMO",0
"532","MOR-GGM",893,917,3,5,0,"XMO",0
"533","MOR-GGM",917,934,3,5,0,"XMO",0
"534","MOR-GGM",934,938,3,5,0,"XMO",0
"535","MOR-GGM",938,971,3,5,0,"XMO",0
"536","MOR-GGM",971,987,3,5,0,"XMO",0
"537","MOR-GGM",987,1002,3,5,0,"XMO",0
"538","MOR-GGM",1002,1003,3,6,0,"XMO",0
"539","MOR-GGM",1003,1035,3,6,0,"XMO",0
"540","MOR-GGM",1035,1070,3,6,0,"XMO",0
"541","MOR-GGM",1070,1085,3,6,0,"XMO",0
"542","MOR-GGM",1085,1089,3,6,0,"XMO",0
"543","MOR-GGM",1089,1108,3,6,0,"XMO",0
"544","MOR-GGM",1108,1112,3,6,0,"XMO",0
"545","MOR-GGM",1112,1118,3,6,0,"XMO",0
"546","MOR-GGM",1118,1168,3,6,0,"XMO",0
"547","MOR-GGM",1168,1172,3,7,0,"XMO",0
"548","MOR-GGM",1172,1180,4,8,0,"XMO",0
"549","MOR-GGM",1180,1204,5,8,0,"XMO",0
"550","MOR-GGM",1204,1290,5,8,0,"XMO",0
"551","MOR-GGM",1290,1302,6,8,1,"XMO",0
"552","ORG-YPX",0,153,0,0,0,"CO",0
"553","ORG-YPX",153,284,1,0,0,"CO",0
"554","ORG-YPX",284,303,1,0,0,"CO",0
"555","ORG-YPX",303,325,1,0,0,"CO",0
"556","ORG-YPX",325,343,1,0,0,"CO",0
"557","ORG-YPX",343,386,1,0,0,"CO",0
"558","ORG-YPX",386,388,1,0,0,"CO",0
"559","ORG-YPX",388,396,1,0,0,"CO",0
"560","ORG-YPX",396,399,1,0,0,"CO",0
"561","ORG-YPX",399,402,1,0,0,"CO",0
"562","ORG-YPX",402,410,1,0,0,"CO",0
"563","ORG-YPX",410,417,1,0,0,"CO",0
"564","ORG-YPX",417,461,1,0,0,"CO",0
"565","ORG-YPX",461,481,1,0,0,"CO",0
"566","ORG-YPX",481,484,1,0,0,"CO",0
"567","ORG-YPX",484,485,1,0,0,"CO",0
"568","ORG-YPX",485,495,1,0,0,"CO",0
"569","ORG-YPX",495,499,1,0,0,"CO",0
"570","ORG-YPX",499,534,1,0,0,"CO",0
"571","ORG-YPX",534,571,1,0,0,"CO",0
"572","ORG-YPX",571,576,1,0,0,"CO",0
"573","ORG-YPX",576,750,1,0,0,"CO",0
"574","ORG-YPX",750,760,1,0,0,"CO",0
"575","ORG-YPX",760,769,1,0,0,"CO",0
"576","ORG-YPX",769,773,1,0,0,"CO",0
"577","ORG-YPX",773,797,1,0,0,"CO",0
"578","ORG-YPX",797,817,1,0,0,"CO",0
"579","ORG-YPX",817,821,1,0,0,"CO",0
"580","ORG-YPX",821,829,1,0,0,"CO",0
"581","ORG-YPX",829,839,1,0,0,"CO",0
"582","ORG-YPX",839,851,1,0,0,"CO",0
"583","ORG-YPX",851,874,1,0,0,"CO",0
"584","ORG-YPX",874,893,1,0,0,"CO",0
"585","ORG-YPX",893,917,1,0,0,"CO",0
"586","ORG-YPX",917,934,1,0,0,"CO",0
"587","ORG-YPX",934,938,1,0,0,"CO",0
"588","ORG-YPX",938,971,1,0,0,"CO",0
"589","ORG-YPX",971,987,1,0,0,"CO",0
"590","ORG-YPX",987,1002,1,0,0,"CO",0
"591","ORG-YPX",1002,1003,1,0,0,"CO",0
"592","ORG-YPX",1003,1035,1,0,0,"CO",0
"593","ORG-YPX",1035,1070,1,0,0,"CO",0
"594","ORG-YPX",1070,1085,1,0,0,"CO",0
"595","ORG-YPX",1085,1089,1,0,0,"CO",0
"596","ORG-YPX",1089,1108,1,0,0,"CO",0
"597","ORG-YPX",1108,1112,1,0,0,"CO",0
"598","ORG-YPX",1112,1118,1,0,0,"CO",0
"599","ORG-YPX",1118,1168,1,0,0,"CO",0
"600","ORG-YPX",1168,1172,1,0,0,"CO",0
"601","ORG-YPX",1172,1180,1,0,0,"CO",0
"602","ORG-YPX",1180,1204,1,0,0,"CO",0
"603","ORG-YPX",1204,1290,1,0,0,"CO",0
"604","ORG-YPX",1290,1302,1,0,0,"CO",0
"605","ORG-YPX",1302,1399,1,0,0,"CO",0
"606","ORG-YPX",1399,1427,1,0,0,"CO",0
"607","ORG-YPX",1427,1437,1,0,0,"CO",0
"608","ORG-YPX",1437,1462,1,0,0,"CO",0
"609","ORG-YPX",1462,1481,1,0,0,"CO",0
"610","ORG-YPX",1481,1509,1,0,0,"CO",0
"611","ORG-YPX",1509,1528,1,0,0,"CO",0
"612","ORG-YPX",1528,1558,1,0,0,"CO",0
"613","ORG-YPX",1558,1568,1,0,0,"CO",0
"614","ORG-YPX",1568,1580,1,0,0,"CO",0
"615","ORG-YPX",1580,1815,1,0,0,"CO",0
"616","ORG-YPX",1815,1853,1,0,0,"CO",0
"617","ORG-YPX",1853,2023,1,0,0,"CO",0
"618","ORG-YPX",2023,2062,1,0,0,"CO",0
"619","ORG-YPX",2062,2386,1,0,0,"CO",0
"620","ORG-YPX",2386,2392,1,0,0,"CO",0
"621","ORG-YPX",2392,2407,1,0,0,"CO",0
"622","ORG-YPX",2407,2599,1,0,0,"CO",0
"623","ORG-YPX",2599,2608,1,0,0,"CO",0
"624","ORG-YPX",2608,2617,1,0,0,"CO",0
"625","ORG-YPX",2617,2665,1,0,0,"CO",0
"626","ORG-YPX",2665,2695,1,0,0,"CO",0
"627","ORG-YPX",2695,2826,1,0,0,"CO",0
"628","ORG-YPX",2826,2888,1,0,0,"CO",0
"629","ORG-YPX",2888,2929,1,0,0,"CO",0
"630","ORG-YPX",2929,2943,1,0,0,"CO",0
"631","ORG-YPX",2943,3102,1,0,0,"CO",0
"632","ORG-YPX",3102,3113,1,0,0,"CO",0
"633","ORG-YPX",3113,3138,1,0,0,"CO",0
"634","ORG-YPX",3138,3153,1,0,0,"CO",0
"635","ORG-YPX",3153,3178,1,0,0,"CO",0
"636","ORG-YPX",3178,3204,1,0,0,"CO",0
"637","ORG-YPX",3204,3315,1,0,0,"CO",0
"638","ORG-YPX",3315,3334,1,0,0,"CO",0
"639","ORG-YPX",3334,3593,1,0,0,"CO",0
"640","ORG-YPX",3593,3857,1,0,0,"CO",0
"641","ORG-YPX",3857,3864,1,0,0,"CO",0
"642","ORG-YPX",3864,3885,1,0,0,"CO",0
"643","ORG-YPX",3885,3918,1,0,0,"CO",0
"644","ORG-YPX",3918,3937,1,0,0,"CO",0
"645","ORG-YPX",3937,3977,1,0,0,"CO",0
"646","ORG-YPX",3977,3990,1,0,0,"CO",0
"647","ORG-YPX",3990,4051,1,0,0,"CO",0
"648","ORG-YPX",4051,4055,1,0,0,"CO",0
"649","ORG-YPX",4055,4059,1,0,0,"CO",0
"650","ORG-YPX",4059,4114,1,0,0,"CO",0
"651","ORG-YPX",4114,4165,1,0,0,"CO",0
"652","ORG-YPX",4165,4467,1,0,0,"CO",0
"653","ORG-YPX",4467,4531,1,0,0,"CO",0
"654","ORG-YPX",4531,4732,1,0,0,"CO",0
"655","ORG-YPX",4732,4916,1,0,0,"CO",0
"656","ORG-YPX",4916,4930,1,0,0,"CO",0
"657","ORG-YPX",4930,4955,1,0,0,"CO",0
"658","ORG-YPX",4955,4964,1,0,0,"CO",0
"659","ORG-YPX",4964,4988,1,0,0,"CO",0
"660","ORG-YPX",4988,5034,1,0,0,"CO",0
"661","ORG-YPX",5034,5393,1,0,0,"CO",0
"662","ORG-YPX",5393,5480,1,0,0,"CO",0
"663","ORG-YPX",5480,5580,1,0,0,"CO",0
"664","ORG-YPX",5580,6101,1,0,0,"CO",0
"665","ORG-YPX",6101,6128,1,0,0,"CO",0
"666","ORG-YPX",6128,6133,1,0,0,"CO",0
"667","ORG-YPX",6133,6261,1,0,0,"CO",0
"668","ORG-YPX",6261,6435,1,0,0,"CO",0
"669","ORG-YPX",6435,6478,1,0,0,"CO",0
"670","ORG-YPX",6478,6513,1,0,0,"CO",0
"671","ORG-YPX",6513,6549,1,0,0,"CO",0
"672","ORG-YPX",6549,6555,1,0,0,"CO",0
"673","ORG-YPX",6555,6581,1,0,0,"CO",0
"674","ORG-YPX",6581,6603,1,0,0,"CO",0
"675","ORG-YPX",6603,6740,1,0,0,"CO",0
"676","ORG-YPX",6740,6753,1,0,0,"CO",0
"677","ORG-YPX",6753,6785,1,0,0,"CO",0
"678","ORG-YPX",6785,7085,1,0,0,"CO",0
"679","ORG-YPX",7085,7151,1,0,0,"CO",0
"680","ORG-YPX",7151,7267,1,0,0,"CO",0
"681","ORG-YPX",7267,7651,1,0,0,"CO",0
"682","ORG-YPX",7651,7881,1,0,0,"CO",0
"683","ORG-YPX",7881,8301,1,0,0,"CO",0
"684","ORG-YPX",8301,8372,1,0,0,"CO",0
"685","ORX-GGM",0,153,0,0,0,"XMO",0
"686","ORX-GGM",153,284,0,0,0,"XMO",0
"687","ORX-GGM",284,303,0,0,0,"XMO",0
"688","ORX-GGM",303,325,0,0,0,"XMO",0
"689","ORX-GGM",325,343,0,0,0,"XMO",0
"690","ORX-GGM",343,386,0,0,0,"XMO",0
"691","ORX-GGM",386,388,0,0,0,"XMO",0
"692","ORX-GGM",388,396,0,0,0,"XMO",0
"693","ORX-GGM",396,399,0,0,0,"XMO",0
"694","ORX-GGM",399,402,0,0,0,"XMO",0
"695","ORX-GGM",402,410,0,0,0,"XMO",0
"696","ORX-GGM",410,417,0,0,0,"XMO",0
"697","ORX-GGM",417,461,0,0,0,"XMO",0
"698","ORX-GGM",461,481,0,0,0,"XMO",0
"699","ORX-GGM",481,484,0,0,0,"XMO",0
"700","ORX-GGM",484,485,0,0,0,"XMO",0
"701","ORX-GGM",485,495,0,0,0,"XMO",0
"702","ORX-GGM",495,499,0,0,0,"XMO",0
"703","ORX-GGM",499,534,0,0,0,"XMO",0
"704","ORX-GGM",534,571,0,0,0,"XMO",0
"705","ORX-GGM",571,576,0,0,0,"XMO",0
"706","ORX-GGM",576,750,0,0,0,"XMO",0
"707","ORX-GGM",750,760,0,0,0,"XMO",0
"708","ORX-GGM",760,769,0,0,0,"XMO",0
"709","ORX-GGM",769,773,0,0,0,"XMO",0
"710","ORX-GGM",773,797,0,0,0,"XMO",0
"711","ORX-GGM",797,817,0,0,0,"XMO",0
"712","ORX-GGM",817,821,0,0,0,"XMO",0
"713","ORX-GGM",821,829,0,0,0,"XMO",0
"714","ORX-GGM",829,839,0,0,0,"XMO",0
"715","ORX-GGM",839,851,0,0,0,"XMO",0
"716","ORX-GGM",851,874,0,0,0,"XMO",0
"717","ORX-GGM",874,893,0,0,0,"XMO",0
"718","ORX-GGM",893,917,0,0,0,"XMO",0
"719","ORX-GGM",917,934,0,0,0,"XMO",0
"720","ORX-GGM",934,938,0,0,0,"XMO",0
"721","ORX-GGM",938,971,0,0,0,"XMO",0
"722","ORX-GGM",971,987,0,0,0,"XMO",0
"723","ORX-GGM",987,1002,0,0,0,"XMO",0
"724","ORX-GGM",1002,1003,0,0,0,"XMO",0
"725","ORX-GGM",1003,1035,0,0,0,"XMO",0
"726","ORX-GGM",1035,1070,0,0,0,"XMO",0
"727","ORX-GGM",1070,1085,0,0,0,"XMO",0
"728","ORX-GGM",1085,1089,0,0,0,"XMO",0
"729","ORX-GGM",1089,1108,0,0,0,"XMO",0
"730","ORX-GGM",1108,1112,0,0,0,"XMO",0
"731","ORX-GGM",1112,1118,0,0,0,"XMO",0
"732","ORX-GGM",1118,1168,0,0,0,"XMO",0
"733","ORX-GGM",1168,1172,0,0,0,"XMO",0
"734","ORX-GGM",1172,1180,0,0,0,"XMO",0
"735","ORX-GGM",1180,1204,0,0,0,"XMO",0
"736","ORX-GGM",1204,1290,0,0,0,"XMO",0
"737","ORX-GGM",1290,1302,0,0,0,"XMO",0
"738","ORX-GGM",1302,1399,0,0,0,"XMO",0
"739","ORX-GGM",1399,1427,0,0,0,"XMO",0
"740","ORX-GGM",1427,1437,0,0,0,"XMO",0
"741","ORX-GGM",1437,1462,0,0,0,"XMO",0
"742","ORX-GGM",1462,1481,0,0,0,"XMO",0
"743","ORX-GGM",1481,1509,0,0,0,"XMO",0
"744","ORX-GGM",1509,1528,0,0,0,"XMO",0
"745","ORX-GGM",1528,1558,0,0,0,"XMO",0
"746","ORX-GGM",1558,1568,0,0,0,"XMO",0
"747","ORX-GGM",1568,1580,0,0,0,"XMO",0
"748","ORX-GGM",1580,1815,0,0,0,"XMO",0
"749","ORX-GGM",1815,1853,0,0,0,"XMO",0
"750","ORX-GGM",1853,2023,0,0,0,"XMO",0
"751","ORX-GGM",2023,2062,0,0,0,"XMO",0
"752","ORX-GGM",2062,2386,0,0,0,"XMO",0
"753","ORX-GGM",2386,2392,0,0,0,"XMO",0
"754","ORX-GGM",2392,2407,0,0,0,"XMO",0
"755","ORX-GGM",2407,2599,0,0,0,"XMO",0
"756","ORX-GGM",2599,2608,0,0,0,"XMO",0
"757","ORX-GGM",2608,2617,0,0,0,"XMO",0
"758","ORX-GGM",2617,2665,0,0,0,"XMO",0
"759","ORX-GGM",2665,2695,0,0,0,"XMO",0
"760","ORX-GGM",2695,2826,0,0,0,"XMO",0
"761","ORX-GGM",2826,2888,0,0,0,"XMO",0
"762","ORX-GGM",2888,2929,0,1,0,"XMO",0
"763","ORX-GGM",2929,2943,0,1,1,"XMO",0
"764","RBX-WVP",0,153,0,0,0,"UC",0
"765","RBX-WVP",153,284,0,0,0,"UC",0
"766","RBX-WVP",284,303,0,0,0,"UC",0
"767","RBX-WVP",303,325,0,0,0,"UC",0
"768","RBX-WVP",325,343,0,0,0,"UC",0
"769","RBX-WVP",343,386,0,0,0,"UC",0
"770","RBX-WVP",386,388,0,0,0,"UC",0
"771","RBX-WVP",388,396,0,0,0,"UC",0
"772","RBX-WVP",396,399,0,0,0,"UC",0
"773","RBX-WVP",399,402,0,0,0,"UC",0
"774","RBX-WVP",402,410,0,0,0,"UC",0
"775","RBX-WVP",410,417,0,0,0,"UC",0
"776","RBX-WVP",417,461,0,0,0,"UC",0
"777","RBX-WVP",461,481,0,0,0,"UC",0
"778","RBX-WVP",481,484,0,0,0,"UC",0
"779","RBX-WVP",484,485,0,0,0,"UC",0
"780","RBX-WVP",485,495,0,0,0,"UC",0
"781","RBX-WVP",495,499,0,0,0,"UC",0
"782","RBX-WVP",499,534,0,0,0,"UC",0
"783","RBX-WVP",534,571,0,0,0,"UC",0
"784","RBX-WVP",571,576,0,0,0,"UC",0
"785","RBX-WVP",576,750,0,0,0,"UC",0
"786","RBX-WVP",750,760,0,0,0,"UC",0
"787","RBX-WVP",760,769,0,0,0,"UC",0
"788","RBX-WVP",769,773,0,0,0,"UC",0
"789","RBX-WVP",773,797,0,0,0,"UC",0
"790","RBX-WVP",797,817,0,0,0,"UC",0
"791","RBX-WVP",817,821,0,0,0,"UC",0
"792","RBX-WVP",821,829,0,0,0,"UC",0
"793","RBX-WVP",829,839,0,0,0,"UC",0
"794","RBX-WVP",839,851,0,0,0,"UC",0
"795","RBX-WVP",851,874,0,0,0,"UC",0
"796","RBX-WVP",874,893,0,0,0,"UC",0
"797","RBX-WVP",893,917,0,0,0,"UC",0
"798","RBX-WVP",917,934,0,0,0,"UC",0
"799","RBX-WVP",934,938,0,0,0,"UC",0
"800","RBX-WVP",938,971,0,0,0,"UC",0
"801","RBX-WVP",971,987,0,0,0,"UC",0
"802","RBX-WVP",987,1002,0,0,0,"UC",0
"803","RBX-WVP",1002,1003,0,0,0,"UC",0
"804","RBX-WVP",1003,1035,0,0,0,"UC",0
"805","RBX-WVP",1035,1070,0,0,0,"UC",0
"806","RBX-WVP",1070,1085,0,0,0,"UC",0
"807","RBX-WVP",1085,1089,0,0,0,"UC",0
"808","RBX-WVP",1089,1108,0,0,0,"UC",0
"809","RBX-WVP",1108,1112,0,0,0,"UC",0
"810","RBX-WVP",1112,1118,0,0,0,"UC",0
"811","RBX-WVP",1118,1168,0,0,0,"UC",0
"812","RBX-WVP",1168,1172,1,0,0,"UC",0
"813","RBX-WVP",1172,1180,1,0,0,"UC",0
"814","RBX-WVP",1180,1204,1,0,0,"UC",0
"815","RBX-WVP",1204,1290,1,0,0,"UC",0
"816","RBX-WVP",1290,1302,1,0,0,"UC",0
"817","RBX-WVP",1302,1399,1,0,0,"UC",0
"818","RBX-WVP",1399,1427,1,0,0,"UC",0
"819","RBX-WVP",1427,1437,1,0,0,"UC",0
"820","RBX-WVP",1437,1462,1,0,0,"UC",0
"821","RBX-WVP",1462,1481,1,0,0,"UC",0
"822","RBX-WVP",1481,1509,1,0,0,"UC",0
"823","RBX-WVP",1509,1528,1,0,0,"UC",0
"824","RBX-WVP",1528,1558,1,0,0,"UC",0
"825","RBX-WVP",1558,1568,1,0,0,"UC",0
"826","RBX-WVP",1568,1580,1,0,0,"UC",0
"827","RBX-WVP",1580,1815,1,0,0,"UC",0
"828","RBX-WVP",1815,1853,1,0,0,"UC",0
"829","RBX-WVP",1853,2023,1,0,0,"UC",0
"830","RBX-WVP",2023,2062,1,0,0,"UC",0
"831","RBX-WVP",2062,2386,1,0,0,"UC",0
"832","RBX-WVP",2386,2392,1,0,0,"UC",0
"833","RBX-WVP",2392,2407,1,0,0,"UC",0
"834","RBX-WVP",2407,2599,1,0,0,"UC",0
"835","RBX-WVP",2599,2608,1,0,0,"UC",0
"836","RBX-WVP",2608,2617,1,0,0,"UC",0
"837","RBX-WVP",2617,2665,1,0,0,"UC",0
"838","RBX-WVP",2665,2695,1,0,0,"UC",0
"839","RBX-WVP",2695,2826,1,0,0,"UC",0
"840","RBX-WVP",2826,2888,1,0,0,"UC",0
"841","RBX-WVP",2888,2929,1,0,0,"UC",0
"842","RBX-WVP",2929,2943,1,0,0,"UC",0
"843","RBX-WVP",2943,3102,1,0,0,"UC",0
"844","RBX-WVP",3102,3113,1,0,0,"UC",0
"845","RBX-WVP",3113,3138,1,0,0,"UC",0
"846","RBX-WVP",3138,3153,1,0,0,"UC",0
"847","RBX-WVP",3153,3178,1,0,0,"UC",0
"848","RBX-WVP",3178,3204,1,0,0,"UC",0
"849","RBX-WVP",3204,3315,1,0,0,"UC",0
"850","RBX-WVP",3315,3334,1,0,0,"UC",0
"851","RBX-WVP",3334,3593,1,0,0,"UC",0
"852","RBX-WVP",3593,3857,1,0,0,"UC",0
"853","RBX-WVP",3857,3864,1,0,0,"UC",0
"854","RBX-WVP",3864,3885,1,0,0,"UC",0
"855","RBX-WVP",3885,3918,1,0,0,"UC",0
"856","RBX-WVP",3918,3937,1,0,0,"UC",0
"857","RBX-WVP",3937,3977,1,0,0,"UC",0
"858","RBX-WVP",3977,3990,1,0,0,"UC",0
"859","RBX-WVP",3990,4051,1,0,0,"UC",0
"860","RBX-WVP",4051,4055,1,0,0,"UC",0
"861","RBX-WVP",4055,4059,1,0,0,"UC",0
"862","RBX-WVP",4059,4114,1,0,0,"UC",0
"863","RBX-WVP",4114,4165,1,0,0,"UC",0
"864","RBX-WVP",4165,4467,1,0,0,"UC",0
"865","RBX-WVP",4467,4531,1,0,0,"UC",0
"866","RBX-WVP",4531,4732,1,0,0,"UC",0
"867","RBX-WVP",4732,4916,1,0,0,"UC",0
"868","RBX-WVP",4916,4930,1,0,0,"UC",0
"869","RBX-WVP",4930,4955,1,0,0,"UC",0
"870","RBX-WVP",4955,4964,1,0,0,"UC",0
"871","RBX-WVP",4964,4988,1,0,0,"UC",0
"872","RBX-WVP",4988,5034,1,0,0,"UC",0
"873","RBX-WVP",5034,5393,1,0,0,"UC",0
"874","RBX-WVP",5393,5480,1,0,0,"UC",0
"875","RBX-WVP",5480,5580,1,0,0,"UC",0
"876","RBX-WVP",5580,6101,1,0,0,"UC",0
"877","RBX-WVP",6101,6128,1,0,0,"UC",0
"878","RBX-WVP",6128,6133,1,0,0,"UC",0
"879","RBX-WVP",6133,6261,1,0,0,"UC",0
"880","RBX-WVP",6261,6435,1,0,0,"UC",0
"881","RBX-WVP",6435,6478,1,0,0,"UC",0
"882","RBX-WVP",6478,6513,1,0,0,"UC",0
"883","RBX-WVP",6513,6549,1,0,0,"UC",0
"884","RBX-WVP",6549,6555,1,0,0,"UC",0
"885","RBX-WVP",6555,6581,1,0,0,"UC",0
"886","RBX-WVP",6581,6603,1,0,0,"UC",0
"887","RBX-WVP",6603,6740,1,0,0,"UC",0
"888","RBX-WVP",6740,6753,1,0,0,"UC",0
"889","RBX-WVP",6753,6785,1,0,0,"UC",0
"890","RBX-WVP",6785,7085,1,0,0,"UC",0
"891","RBX-WVP",7085,7151,1,0,0,"UC",0
"892","RBX-WVP",7151,7267,1,0,0,"UC",0
"893","RBX-WVP",7267,7651,1,0,0,"UC",0
"894","RBX-WVP",7651,7881,1,0,0,"UC",0
"895","RBX-WVP",7881,8301,1,0,0,"UC",0
"896","RBX-WVP",8301,8372,1,0,0,"UC",0
"897","RGX-WPP",0,153,0,0,0,"HI",0
"898","RGX-WPP",153,284,0,0,0,"HI",0
"899","RGX-WPP",284,303,0,0,0,"HI",0
"900","RGX-WPP",303,325,0,0,0,"HI",0
"901","RGX-WPP",325,343,0,0,0,"HI",0
"902","RGX-WPP",343,386,0,0,0,"HI",0
"903","RGX-WPP",386,388,0,0,0,"HI",0
"904","RGX-WPP",388,396,0,0,0,"HI",0
"905","RGX-WPP",396,399,0,0,0,"HI",0
"906","RGX-WPP",399,402,0,0,0,"HI",0
"907","RGX-WPP",402,410,0,0,0,"HI",0
"908","RGX-WPP",410,417,0,0,0,"HI",0
"909","RGX-WPP",417,461,0,0,0,"HI",0
"910","RGX-WPP",461,481,0,0,0,"HI",0
"911","RGX-WPP",481,484,0,0,0,"HI",0
"912","RGX-WPP",484,485,0,0,0,"HI",0
"913","RGX-WPP",485,495,0,0,0,"HI",0
"914","RGX-WPP",495,499,0,0,0,"HI",0
"915","RGX-WPP",499,534,0,0,0,"HI",0
"916","RGX-WPP",534,571,0,0,0,"HI",0
"917","RGX-WPP",571,576,0,0,0,"HI",0
"918","RGX-WPP",576,750,0,0,0,"HI",0
"919","RGX-WPP",750,760,0,0,0,"HI",0
"920","RGX-WPP",760,769,0,0,0,"HI",0
"921","RGX-WPP",769,773,0,0,0,"HI",0
"922","RGX-WPP",773,797,0,0,0,"HI",0
"923","RGX-WPP",797,817,0,0,0,"HI",0
"924","RGX-WPP",817,821,0,0,0,"HI",0
"925","RGX-WPP",821,829,0,0,0,"HI",0
"926","RGX-WPP",829,839,0,0,0,"HI",0
"927","RGX-WPP",839,851,0,0,0,"HI",0
"928","RGX-WPP",851,874,0,0,0,"HI",0
"929","RGX-WPP",874,893,0,0,0,"HI",0
"930","RGX-WPP",893,917,0,0,0,"HI",0
"931","RGX-WPP",917,934,0,0,0,"HI",0
"932","RGX-WPP",934,938,0,0,0,"HI",0
"933","RGX-WPP",938,971,0,0,0,"HI",0
"934","RGX-WPP",971,987,0,0,0,"HI",0
"935","RGX-WPP",987,1002,0,0,0,"HI",0
"936","RGX-WPP",1002,1003,0,0,0,"HI",0
"937","RGX-WPP",1003,1035,0,0,0,"HI",0
"938","RGX-WPP",1035,1070,0,0,0,"HI",0
"939","RGX-WPP",1070,1085,0,0,0,"HI",0
"940","RGX-WPP",1085,1089,0,0,0,"HI",0
"941","RGX-WPP",1089,1108,0,0,0,"HI",0
"942","RGX-WPP",1108,1112,0,0,0,"HI",0
"943","RGX-WPP",1112,1118,0,0,0,"HI",0
"944","RGX-WPP",1118,1168,0,0,0,"HI",0
"945","RGX-WPP",1168,1172,0,0,0,"HI",0
"946","RGX-WPP",1172,1180,0,0,0,"HI",0
"947","RGX-WPP",1180,1204,0,0,0,"HI",0
"948","RGX-WPP",1204,1290,0,0,0,"HI",0
"949","RGX-WPP",1290,1302,0,0,0,"HI",0
"950","RGX-WPP",1302,1399,0,0,0,"HI",0
"951","RGX-WPP",1399,1427,0,0,0,"HI",0
"952","RGX-WPP",1427,1437,0,0,0,"HI",0
"953","RGX-WPP",1437,1462,0,0,0,"HI",0
"954","RGX-WPP",1462,1481,0,0,0,"HI",0
"955","RGX-WPP",1481,1509,0,0,0,"HI",0
"956","RGX-WPP",1509,1528,0,1,0,"HI",0
"957","RGX-WPP",1528,1558,1,1,0,"HI",0
"958","RGX-WPP",1558,1568,1,1,0,"HI",0
"959","RGX-WPP",1568,1580,1,1,0,"HI",0
"960","RGX-WPP",1580,1815,1,1,0,"HI",0
"961","RGX-WPP",1815,1853,1,1,0,"HI",0
"962","RGX-WPP",1853,2023,1,1,0,"HI",0
"963","RGX-WPP",2023,2062,1,1,0,"HI",0
"964","RGX-WPP",2062,2386,1,1,0,"HI",0
"965","RGX-WPP",2386,2392,1,1,0,"HI",0
"966","RGX-WPP",2392,2407,1,1,0,"HI",0
"967","RGX-WPP",2407,2599,1,1,0,"HI",0
"968","RGX-WPP",2599,2608,1,2,0,"HI",0
"969","RGX-WPP",2608,2617,2,2,0,"HI",0
"970","RGX-WPP",2617,2665,2,2,0,"HI",0
"971","RGX-WPP",2665,2695,2,2,0,"HI",0
"972","RGX-WPP",2695,2826,2,2,0,"HI",0
"973","RGX-WPP",2826,2888,2,2,0,"HI",0
"974","RGX-WPP",2888,2929,2,2,0,"HI",0
"975","RGX-WPP",2929,2943,2,2,0,"HI",0
"976","RGX-WPP",2943,3102,2,2,0,"HI",0
"977","RGX-WPP",3102,3113,2,2,0,"HI",0
"978","RGX-WPP",3113,3138,2,2,0,"HI",0
"979","RGX-WPP",3138,3153,2,2,0,"HI",0
"980","RGX-WPP",3153,3178,2,2,0,"HI",0
"981","RGX-WPP",3178,3204,2,2,0,"HI",0
"982","RGX-WPP",3204,3315,2,2,0,"HI",0
"983","RGX-WPP",3315,3334,2,2,0,"HI",0
"984","RGX-WPP",3334,3593,2,2,0,"HI",0
"985","RGX-WPP",3593,3857,2,2,0,"HI",0
"986","RGX-WPP",3857,3864,2,2,0,"HI",0
"987","RGX-WPP",3864,3885,2,2,0,"HI",0
"988","RGX-WPP",3885,3918,2,2,0,"HI",0
"989","RGX-WPP",3918,3937,2,2,0,"HI",0
"990","RGX-WPP",3937,3977,2,2,0,"HI",0
"991","RGX-WPP",3977,3990,2,2,0,"HI",0
"992","RGX-WPP",3990,4051,2,2,0,"HI",0
"993","RGX-WPP",4051,4055,2,2,0,"HI",0
"994","RGX-WPP",4055,4059,2,3,0,"HI",0
"995","RGX-WPP",4059,4114,3,3,0,"HI",0
"996","RGX-WPP",4114,4165,3,3,0,"HI",0
"997","RGX-WPP",4165,4467,3,3,0,"HI",0
"998","RGX-WPP",4467,4531,3,3,0,"HI",0
"999","RGX-WPP",4531,4732,3,3,0,"HI",0
"1000","RGX-WPP",4732,4916,3,3,0,"HI",0
"1001","RGX-WPP",4916,4930,3,3,0,"HI",0
"1002","RGX-WPP",4930,4955,3,3,0,"HI",0
"1003","RGX-WPP",4955,4964,3,3,0,"HI",0
"1004","RGX-WPP",4964,4988,3,3,0,"HI",0
"1005","RGX-WPP",4988,5034,3,3,0,"HI",0
"1006","RGX-WPP",5034,5393,3,3,0,"HI",0
"1007","RGX-WPP",5393,5480,3,3,0,"HI",0
"1008","RGX-WPP",5480,5580,3,3,0,"HI",0
"1009","RGX-WPP",5580,6101,3,4,0,"HI",0
"1010","RGX-WPP",6101,6128,4,4,0,"HI",0
"1011","RGX-WPP",6128,6133,4,4,0,"HI",0
"1012","RGX-WPP",6133,6261,4,4,0,"HI",0
"1013","RGX-WPP",6261,6435,4,4,0,"HI",0
"1014","RGX-WPP",6435,6478,4,4,0,"HI",0
"1015","RGX-WPP",6478,6513,4,4,0,"HI",0
"1016","RGX-WPP",6513,6549,4,4,0,"HI",0
"1017","RGX-WPP",6549,6555,4,4,0,"HI",0
"1018","RGX-WPP",6555,6581,4,4,0,"HI",0
"1019","RGX-WPP",6581,6603,4,4,0,"HI",0
"1020","RGX-WPP",6603,6740,4,4,0,"HI",0
"1021","RGX-WPP",6740,6753,4,4,0,"HI",0
"1022","RGX-WPP",6753,6785,4,4,0,"HI",0
"1023","RGX-WPP",6785,7085,4,4,0,"HI",0
"1024","RGX-WPP",7085,7151,4,4,0,"HI",0
"1025","RGX-WPP",7151,7267,4,4,0,"HI",0
"1026","RGX-WPP",7267,7651,4,4,0,"HI",0
"1027","RGX-WPP",7651,7881,4,4,0,"HI",0
"1028","RGX-WPP",7881,8301,4,4,0,"HI",0
"1029","RGX-WPP",8301,8372,4,4,0,"HI",0
"1030","ROR-YXG",0,153,0,0,0,"HI",0
"1031","ROR-YXG",153,284,0,0,0,"HI",0
"1032","ROR-YXG",284,303,0,1,0,"HI",0
"1033","ROR-YXG",303,325,1,1,0,"HI",0
"1034","ROR-YXG",325,343,1,1,0,"HI",0
"1035","ROR-YXG",343,386,1,1,0,"HI",0
"1036","ROR-YXG",386,388,1,1,0,"HI",0
"1037","ROR-YXG",388,396,1,1,0,"HI",0
"1038","ROR-YXG",396,399,1,1,0,"HI",0
"1039","ROR-YXG",399,402,1,1,0,"HI",0
"1040","ROR-YXG",402,410,1,1,0,"HI",0
"1041","ROR-YXG",410,417,1,1,0,"HI",0
"1042","ROR-YXG",417,461,1,1,0,"HI",0
"1043","ROR-YXG",461,481,2,2,0,"HI",0
"1044","ROR-YXG",481,484,3,2,0,"HI",0
"1045","ROR-YXG",484,485,3,2,0,"HI",0
"1046","ROR-YXG",485,495,3,2,0,"HI",0
"1047","ROR-YXG",495,499,3,2,0,"HI",0
"1048","ROR-YXG",499,534,3,2,0,"HI",0
"1049","ROR-YXG",534,571,3,2,0,"HI",0
"1050","ROR-YXG",571,576,3,2,0,"HI",0
"1051","ROR-YXG",576,750,3,2,0,"HI",0
"1052","ROR-YXG",750,760,3,2,0,"HI",0
"1053","ROR-YXG",760,769,3,2,0,"HI",0
"1054","ROR-YXG",769,773,3,2,0,"HI",0
"1055","ROR-YXG",773,797,3,2,0,"HI",0
"1056","ROR-YXG",797,817,3,2,0,"HI",0
"1057","ROR-YXG",817,821,3,2,0,"HI",0
"1058","ROR-YXG",821,829,3,2,0,"HI",0
"1059","ROR-YXG",829,839,3,2,0,"HI",0
"1060","ROR-YXG",839,851,3,2,0,"HI",0
"1061","ROR-YXG",851,874,3,2,0,"HI",0
"1062","ROR-YXG",874,893,3,2,0,"HI",0
"1063","ROR-YXG",893,917,3,2,0,"HI",0
"1064","ROR-YXG",917,934,3,2,0,"HI",0
"1065","ROR-YXG",934,938,3,2,0,"HI",0
"1066","ROR-YXG",938,971,3,2,0,"HI",0
"1067","ROR-YXG",971,987,3,2,0,"HI",0
"1068","ROR-YXG",987,1002,3,2,0,"HI",0
"1069","ROR-YXG",1002,1003,3,2,0,"HI",0
"1070","ROR-YXG",1003,1035,3,2,0,"HI",0
"1071","ROR-YXG",1035,1070,3,2,0,"HI",0
"1072","ROR-YXG",1070,1085,3,2,0,"HI",0
"1073","ROR-YXG",1085,1089,3,2,0,"HI",0
"1074","ROR-YXG",1089,1108,3,2,0,"HI",0
"1075","ROR-YXG",1108,1112,3,2,0,"HI",0
"1076","ROR-YXG",1112,1118,3,2,0,"HI",0
"1077","ROR-YXG",1118,1168,3,2,0,"HI",0
"1078","ROR-YXG",1168,1172,3,2,0,"HI",0
"1079","ROR-YXG",1172,1180,3,2,0,"HI",0
"1080","ROR-YXG",1180,1204,3,2,0,"HI",0
"1081","ROR-YXG",1204,1290,3,2,0,"HI",0
"1082","ROR-YXG",1290,1302,3,2,0,"HI",0
"1083","ROR-YXG",1302,1399,3,2,0,"HI",0
"1084","ROR-YXG",1399,1427,3,2,0,"HI",0
"1085","ROR-YXG",1427,1437,3,2,0,"HI",0
"1086","ROR-YXG",1437,1462,3,2,0,"HI",0
"1087","ROR-YXG",1462,1481,3,2,0,"HI",0
"1088","ROR-YXG",1481,1509,3,2,0,"HI",0
"1089","ROR-YXG",1509,1528,3,2,0,"HI",0
"1090","ROR-YXG",1528,1558,3,2,0,"HI",0
"1091","ROR-YXG",1558,1568,3,2,0,"HI",0
"1092","ROR-YXG",1568,1580,3,2,0,"HI",0
"1093","ROR-YXG",1580,1815,3,2,0,"HI",0
"1094","ROR-YXG",1815,1853,3,2,0,"HI",0
"1095","ROR-YXG",1853,2023,3,2,0,"HI",0
"1096","ROR-YXG",2023,2062,3,2,0,"HI",0
"1097","ROR-YXG",2062,2386,3,2,0,"HI",0
"1098","ROR-YXG",2386,2392,3,2,0,"HI",0
"1099","ROR-YXG",2392,2407,3,2,0,"HI",0
"1100","ROR-YXG",2407,2599,3,2,0,"HI",0
"1101","ROR-YXG",2599,2608,3,2,0,"HI",0
"1102","ROR-YXG",2608,2617,3,2,0,"HI",0
"1103","ROR-YXG",2617,2665,3,2,0,"HI",0
"1104","ROR-YXG",2665,2695,3,2,0,"HI",0
"1105","ROR-YXG",2695,2826,3,2,0,"HI",0
"1106","ROR-YXG",2826,2888,3,2,0,"HI",0
"1107","ROR-YXG",2888,2929,3,2,0,"HI",0
"1108","ROR-YXG",2929,2943,3,2,0,"HI",0
"1109","ROR-YXG",2943,3102,3,2,0,"HI",0
"1110","ROR-YXG",3102,3113,3,2,0,"HI",0
"1111","ROR-YXG",3113,3138,3,2,0,"HI",0
"1112","ROR-YXG",3138,3153,3,2,0,"HI",0
"1113","ROR-YXG",3153,3178,3,2,0,"HI",0
"1114","ROR-YXG",3178,3204,3,2,0,"HI",0
"1115","ROR-YXG",3204,3315,3,2,0,"HI",0
"1116","ROR-YXG",3315,3334,3,2,0,"HI",0
"1117","ROR-YXG",3334,3593,3,2,0,"HI",0
"1118","ROR-YXG",3593,3857,3,2,0,"HI",0
"1119","ROR-YXG",3857,3864,3,2,0,"HI",0
"1120","ROR-YXG",3864,3885,3,2,0,"HI",0
"1121","ROR-YXG",3885,3918,3,2,0,"HI",0
"1122","ROR-YXG",3918,3937,3,2,0,"HI",0
"1123","ROR-YXG",3937,3977,3,2,0,"HI",0
"1124","ROR-YXG",3977,3990,3,2,0,"HI",0
"1125","ROR-YXG",3990,4051,3,2,0,"HI",0
"1126","ROR-YXG",4051,4055,3,2,0,"HI",0
"1127","ROR-YXG",4055,4059,3,2,0,"HI",0
"1128","ROR-YXG",4059,4114,3,2,0,"HI",0
"1129","ROR-YXG",4114,4165,3,2,0,"HI",0
"1130","ROR-YXG",4165,4467,3,2,0,"HI",0
"1131","ROR-YXG",4467,4531,3,2,0,"HI",0
"1132","ROR-YXG",4531,4732,3,3,0,"HI",0
"1133","ROR-YXG",4732,4916,4,3,0,"HI",0
"1134","ROR-YXG",4916,4930,4,3,0,"HI",0
"1135","ROR-YXG",4930,4955,4,3,0,"HI",0
"1136","ROR-YXG",4955,4964,4,3,0,"HI",0
"1137","ROR-YXG",4964,4988,4,3,0,"HI",0
"1138","ROR-YXG",4988,5034,4,3,0,"HI",0
"1139","ROR-YXG",5034,5393,4,3,0,"HI",0
"1140","ROR-YXG",5393,5480,4,3,0,"HI",0
"1141","ROR-YXG",5480,5580,4,3,0,"HI",0
"1142","ROR-YXG",5580,6101,4,3,0,"HI",0
"1143","ROR-YXG",6101,6128,4,3,0,"HI",0
"1144","ROR-YXG",6128,6133,4,3,0,"HI",0
"1145","ROR-YXG",6133,6261,4,3,0,"HI",0
"1146","ROR-YXG",6261,6435,4,3,0,"HI",0
"1147","ROR-YXG",6435,6478,4,3,0,"HI",0
"1148","ROR-YXG",6478,6513,4,3,0,"HI",0
"1149","ROR-YXG",6513,6549,4,3,0,"HI",0
"1150","ROR-YXG",6549,6555,4,3,0,"HI",0
"1151","ROR-YXG",6555,6581,4,3,0,"HI",0
"1152","ROR-YXG",6581,6603,4,3,0,"HI",0
"1153","ROR-YXG",6603,6740,4,3,0,"HI",0
"1154","ROR-YXG",6740,6753,4,3,0,"HI",0
"1155","ROR-YXG",6753,6785,4,3,0,"HI",0
"1156","ROR-YXG",6785,7085,4,3,0,"HI",0
"1157","ROR-YXG",7085,7151,4,3,0,"HI",0
"1158","ROR-YXG",7151,7267,4,3,0,"HI",0
"1159","ROR-YXG",7267,7651,4,3,0,"HI",0
"1160","ROR-YXG",7651,7881,4,3,0,"HI",0
"1161","ROR-YXG",7881,8301,4,3,0,"HI",0
"1162","ROR-YXG",8301,8372,4,3,0,"HI",0
"1163","RSB-GBX",0,153,0,0,0,"HI",0
"1164","RSB-GBX",153,284,0,0,0,"HI",0
"1165","RSB-GBX",284,303,0,0,0,"HI",0
"1166","RSB-GBX",303,325,0,0,0,"HI",0
"1167","RSB-GBX",325,343,0,0,0,"HI",0
"1168","RSB-GBX",343,386,0,1,0,"HI",0
"1169","RSB-GBX",386,388,0,1,1,"HI",0
"1170","SOR-RYX",0,153,0,0,0,"HI",0
"1171","SOR-RYX",153,284,0,0,0,"HI",0
"1172","SOR-RYX",284,303,0,0,0,"HI",0
"1173","SOR-RYX",303,325,0,0,0,"HI",0
"1174","SOR-RYX",325,343,0,0,0,"HI",0
"1175","SOR-RYX",343,386,0,0,0,"HI",0
"1176","SOR-RYX",386,388,0,0,0,"HI",0
"1177","SOR-RYX",388,396,0,0,0,"HI",0
"1178","SOR-RYX",396,399,0,0,0,"HI",0
"1179","SOR-RYX",399,402,0,0,0,"HI",0
"1180","SOR-RYX",402,410,0,0,0,"HI",0
"1181","SOR-RYX",410,417,0,0,0,"HI",0
"1182","SOR-RYX",417,461,0,0,0,"HI",0
"1183","SOR-RYX",461,481,0,0,0,"HI",0
"1184","SOR-RYX",481,484,0,0,0,"HI",0
"1185","SOR-RYX",484,485,0,0,0,"HI",0
"1186","SOR-RYX",485,495,0,0,0,"HI",0
"1187","SOR-RYX",495,499,0,0,0,"HI",0
"1188","SOR-RYX",499,534,0,0,0,"HI",0
"1189","SOR-RYX",534,571,0,0,0,"HI",0
"1190","SOR-RYX",571,576,0,0,0,"HI",0
"1191","SOR-RYX",576,750,0,0,0,"HI",0
"1192","SOR-RYX",750,760,0,0,0,"HI",0
"1193","SOR-RYX",760,769,0,0,0,"HI",0
"1194","SOR-RYX",769,773,0,0,0,"HI",0
"1195","SOR-RYX",773,797,0,0,0,"HI",0
"1196","SOR-RYX",797,817,0,0,0,"HI",0
"1197","SOR-RYX",817,821,0,0,0,"HI",0
"1198","SOR-RYX",821,829,0,0,0,"HI",0
"1199","SOR-RYX",829,839,0,0,0,"HI",0
"1200","SOR-RYX",839,851,0,0,0,"HI",0
"1201","SOR-RYX",851,874,0,0,0,"HI",0
"1202","SOR-RYX",874,893,0,0,0,"HI",0
"1203","SOR-RYX",893,917,0,0,0,"HI",0
"1204","SOR-RYX",917,934,0,0,0,"HI",0
"1205","SOR-RYX",934,938,0,0,0,"HI",0
"1206","SOR-RYX",938,971,0,0,0,"HI",0
"1207","SOR-RYX",971,987,0,0,0,"HI",0
"1208","SOR-RYX",987,1002,0,0,0,"HI",0
"1209","SOR-RYX",1002,1003,0,0,0,"HI",0
"1210","SOR-RYX",1003,1035,0,0,0,"HI",0
"1211","SOR-RYX",1035,1070,0,0,0,"HI",0
"1212","SOR-RYX",1070,1085,0,0,0,"HI",0
"1213","SOR-RYX",1085,1089,0,0,0,"HI",0
"1214","SOR-RYX",1089,1108,0,0,0,"HI",0
"1215","SOR-RYX",1108,1112,0,0,0,"HI",0
"1216","SOR-RYX",1112,1118,0,0,0,"HI",0
"1217","SOR-RYX",1118,1168,0,0,0,"HI",0
"1218","SOR-RYX",1168,1172,0,0,0,"HI",0
"1219","SOR-RYX",1172,1180,0,0,0,"HI",0
"1220","SOR-RYX",1180,1204,0,0,0,"HI",0
"1221","SOR-RYX",1204,1290,0,0,0,"HI",0
"1222","SOR-RYX",1290,1302,0,0,0,"HI",0
"1223","SOR-RYX",1302,1399,0,0,0,"HI",0
"1224","SOR-RYX",1399,1427,0,0,0,"HI",0
"1225","SOR-RYX",1427,1437,0,0,0,"HI",0
"1226","SOR-RYX",1437,1462,0,0,0,"HI",0
"1227","SOR-RYX",1462,1481,0,0,0,"HI",0
"1228","SOR-RYX",1481,1509,0,0,0,"HI",0
"1229","SOR-RYX",1509,1528,0,0,0,"HI",0
"1230","SOR-RYX",1528,1558,0,0,0,"HI",0
"1231","SOR-RYX",1558,1568,0,0,0,"HI",0
"1232","SOR-RYX",1568,1580,0,0,0,"HI",0
"1233","SOR-RYX",1580,1815,0,0,0,"HI",0
"1234","SOR-RYX",1815,1853,0,0,0,"HI",0
"1235","SOR-RYX",1853,2023,0,0,0,"HI",0
"1236","SOR-RYX",2023,2062,0,0,0,"HI",0
"1237","SOR-RYX",2062,2386,0,0,0,"HI",0
"1238","SOR-RYX",2386,2392,0,0,0,"HI",0
"1239","SOR-RYX",2392,2407,0,0,0,"HI",0
"1240","SOR-RYX",2407,2599,0,1,0,"HI",0
"1241","SOR-RYX",2599,2608,0,2,0,"HI",0
"1242","SOR-RYX",2608,2617,0,2,0,"HI",0
"1243","SOR-RYX",2617,2665,0,2,0,"HI",0
"1244","SOR-RYX",2665,2695,0,2,0,"HI",0
"1245","SOR-RYX",2695,2826,0,2,0,"HI",0
"1246","SOR-RYX",2826,2888,0,2,0,"HI",0
"1247","SOR-RYX",2888,2929,0,2,0,"HI",0
"1248","SOR-RYX",2929,2943,0,2,0,"HI",0
"1249","SOR-RYX",2943,3102,0,2,0,"HI",0
"1250","SOR-RYX",3102,3113,0,2,0,"HI",0
"1251","SOR-RYX",3113,3138,0,2,0,"HI",0
"1252","SOR-RYX",3138,3153,0,2,0,"HI",0
"1253","SOR-RYX",3153,3178,0,2,0,"HI",0
"1254","SOR-RYX",3178,3204,0,2,0,"HI",0
"1255","SOR-RYX",3204,3315,0,2,0,"HI",0
"1256","SOR-RYX",3315,3334,0,2,0,"HI",0
"1257","SOR-RYX",3334,3593,0,2,0,"HI",0
"1258","SOR-RYX",3593,3857,0,2,0,"HI",0
"1259","SOR-RYX",3857,3864,0,2,0,"HI",0
"1260","SOR-RYX",3864,3885,0,2,0,"HI",0
"1261","SOR-RYX",3885,3918,0,2,0,"HI",0
"1262","SOR-RYX",3918,3937,0,2,0,"HI",0
"1263","SOR-RYX",3937,3977,0,2,0,"HI",0
"1264","SOR-RYX",3977,3990,0,2,0,"HI",0
"1265","SOR-RYX",3990,4051,0,2,0,"HI",0
"1266","SOR-RYX",4051,4055,0,2,0,"HI",0
"1267","SOR-RYX",4055,4059,0,2,0,"HI",0
"1268","SOR-RYX",4059,4114,0,2,0,"HI",0
"1269","SOR-RYX",4114,4165,0,2,0,"HI",0
"1270","SOR-RYX",4165,4467,0,2,0,"HI",0
"1271","SOR-RYX",4467,4531,0,2,0,"HI",0
"1272","SOR-RYX",4531,4732,0,2,0,"HI",0
"1273","SOR-RYX",4732,4916,0,2,0,"HI",0
"1274","SOR-RYX",4916,4930,0,2,0,"HI",0
"1275","SOR-RYX",4930,4955,0,2,0,"HI",0
"1276","SOR-RYX",4955,4964,0,2,0,"HI",0
"1277","SOR-RYX",4964,4988,0,2,0,"HI",0
"1278","SOR-RYX",4988,5034,0,2,0,"HI",0
"1279","SOR-RYX",5034,5393,0,2,0,"HI",0
"1280","SOR-RYX",5393,5480,0,2,0,"HI",0
"1281","SOR-RYX",5480,5580,0,2,0,"HI",0
"1282","SOR-RYX",5580,6101,0,2,0,"HI",0
"1283","SOR-RYX",6101,6128,0,2,0,"HI",0
"1284","SOR-RYX",6128,6133,0,2,0,"HI",0
"1285","SOR-RYX",6133,6261,0,2,0,"HI",0
"1286","SOR-RYX",6261,6435,0,2,0,"HI",0
"1287","SOR-RYX",6435,6478,0,2,0,"HI",0
"1288","SOR-RYX",6478,6513,0,2,0,"HI",0
"1289","SOR-RYX",6513,6549,0,2,0,"HI",0
"1290","SOR-RYX",6549,6555,0,2,0,"HI",0
"1291","SOR-RYX",6555,6581,0,2,0,"HI",0
"1292","SOR-RYX",6581,6603,0,2,0,"HI",0
"1293","SOR-RYX",6603,6740,0,2,0,"HI",0
"1294","SOR-RYX",6740,6753,0,2,0,"HI",0
"1295","SOR-RYX",6753,6785,0,2,0,"HI",0
"1296","SOR-RYX",6785,7085,0,2,0,"HI",0
"1297","SOR-RYX",7085,7151,0,2,0,"HI",0
"1298","SOR-RYX",7151,7267,0,2,0,"HI",0
"1299","SOR-RYX",7267,7651,0,2,0,"HI",0
"1300","SOR-RYX",7651,7881,0,2,0,"HI",0
"1301","SOR-RYX",7881,8301,0,2,0,"HI",0
"1302","SOR-RYX",8301,8372,0,2,0,"HI",0
"1303","WSX-GPV",0,153,0,0,0,"UC",0
"1304","WSX-GPV",153,284,0,0,0,"UC",0
"1305","WSX-GPV",284,303,0,0,0,"UC",0
"1306","WSX-GPV",303,325,0,0,0,"UC",0
"1307","WSX-GPV",325,343,0,0,0,"UC",0
"1308","WSX-GPV",343,386,0,0,0,"UC",0
"1309","WSX-GPV",386,388,0,0,0,"UC",0
"1310","WSX-GPV",388,396,0,0,0,"UC",0
"1311","WSX-GPV",396,399,0,0,0,"UC",0
"1312","WSX-GPV",399,402,0,0,0,"UC",0
"1313","WSX-GPV",402,410,0,0,0,"UC",0
"1314","WSX-GPV",410,417,0,0,0,"UC",0
"1315","WSX-GPV",417,461,0,0,0,"UC",0
"1316","WSX-GPV",461,481,0,0,0,"UC",0
"1317","WSX-GPV",481,484,0,0,0,"UC",0
"1318","WSX-GPV",484,485,0,0,0,"UC",0
"1319","WSX-GPV",485,495,0,0,0,"UC",0
"1320","WSX-GPV",495,499,0,0,0,"UC",0
"1321","WSX-GPV",499,534,0,0,0,"UC",0
"1322","WSX-GPV",534,571,0,0,0,"UC",0
"1323","WSX-GPV",571,576,0,0,0,"UC",0
"1324","WSX-GPV",576,750,0,0,0,"UC",0
"1325","WSX-GPV",750,760,0,0,0,"UC",0
"1326","WSX-GPV",760,769,0,0,0,"UC",0
"1327","WSX-GPV",769,773,0,0,0,"UC",0
"1328","WSX-GPV",773,797,0,0,0,"UC",0
"1329","WSX-GPV",797,817,0,0,0,"UC",0
"1330","WSX-GPV",817,821,0,0,0,"UC",0
"1331","WSX-GPV",821,829,0,0,0,"UC",0
"1332","WSX-GPV",829,839,0,0,0,"UC",0
"1333","WSX-GPV",839,851,0,0,0,"UC",0
"1334","WSX-GPV",851,874,0,0,0,"UC",0
"1335","WSX-GPV",874,893,0,0,0,"UC",0
"1336","WSX-GPV",893,917,0,0,0,"UC",0
"1337","WSX-GPV",917,934,0,0,0,"UC",0
"1338","WSX-GPV",934,938,0,0,0,"UC",0
"1339","WSX-GPV",938,971,0,0,0,"UC",0
"1340","WSX-GPV",971,987,0,0,0,"UC",0
"1341","WSX-GPV",987,1002,0,0,0,"UC",0
"1342","WSX-GPV",1002,1003,0,0,0,"UC",0
"1343","WSX-GPV",1003,1035,0,0,0,"UC",0
"1344","WSX-GPV",1035,1070,0,0,0,"UC",0
"1345","WSX-GPV",1070,1085,0,0,0,"UC",0
"1346","WSX-GPV",1085,1089,0,0,0,"UC",0
"1347","WSX-GPV",1089,1108,0,0,0,"UC",0
"1348","WSX-GPV",1108,1112,0,0,0,"UC",0
"1349","WSX-GPV",1112,1118,0,0,0,"UC",0
"1350","WSX-GPV",1118,1168,0,0,0,"UC",0
"1351","WSX-GPV",1168,1172,1,0,0,"UC",0
"1352","WSX-GPV",1172,1180,1,0,0,"UC",0
"1353","WSX-GPV",1180,1204,1,0,0,"UC",0
"1354","WSX-GPV",1204,1290,1,0,0,"UC",0
"1355","WSX-GPV",1290,1302,1,0,0,"UC",0
"1356","WSX-GPV",1302,1399,1,0,0,"UC",0
"1357","WSX-GPV",1399,1427,1,0,0,"UC",0
"1358","WSX-GPV",1427,1437,1,0,0,"UC",0
"1359","WSX-GPV",1437,1462,1,0,0,"UC",0
"1360","WSX-GPV",1462,1481,1,0,0,"UC",0
"1361","WSX-GPV",1481,1509,1,0,0,"UC",0
"1362","WSX-GPV",1509,1528,1,0,0,"UC",0
"1363","WSX-GPV",1528,1558,1,0,0,"UC",0
"1364","WSX-GPV",1558,1568,1,0,0,"UC",0
"1365","WSX-GPV",1568,1580,1,0,0,"UC",0
"1366","WSX-GPV",1580,1815,1,0,0,"UC",0
"1367","WSX-GPV",1815,1853,1,0,0,"UC",0
"1368","WSX-GPV",1853,2023,1,0,0,"UC",0
"1369","WSX-GPV",2023,2062,1,0,0,"UC",0
"1370","WSX-GPV",2062,2386,1,0,0,"UC",0
"1371","WSX-GPV",2386,2392,1,0,0,"UC",0
"1372","WSX-GPV",2392,2407,1,0,0,"UC",0
"1373","WSX-GPV",2407,2599,1,0,0,"UC",0
"1374","WSX-GPV",2599,2608,1,0,0,"UC",0
"1375","WSX-GPV",2608,2617,1,0,0,"UC",0
"1376","WSX-GPV",2617,2665,1,0,0,"UC",0
"1377","WSX-GPV",2665,2695,1,0,0,"UC",0
"1378","WSX-GPV",2695,2826,1,0,0,"UC",0
"1379","WSX-GPV",2826,2888,1,0,0,"UC",0
"1380","WSX-GPV",2888,2929,1,0,0,"UC",0
"1381","WSX-GPV",2929,2943,1,0,0,"UC",0
"1382","WSX-GPV",2943,3102,1,0,0,"UC",0
"1383","WSX-GPV",3102,3113,1,0,0,"UC",0
"1384","WSX-GPV",3113,3138,1,0,0,"UC",0
"1385","WSX-GPV",3138,3153,1,0,0,"UC",0
"1386","WSX-GPV",3153,3178,1,0,0,"UC",0
"1387","WSX-GPV",3178,3204,1,0,0,"UC",0
"1388","WSX-GPV",3204,3315,1,0,0,"UC",0
"1389","WSX-GPV",3315,3334,1,0,0,"UC",0
"1390","WSX-GPV",3334,3593,1,0,0,"UC",0
"1391","WSX-GPV",3593,3857,1,0,0,"UC",0
"1392","WSX-GPV",3857,3864,1,0,0,"UC",0
"1393","WSX-GPV",3864,3885,1,0,0,"UC",0
"1394","WSX-GPV",3885,3918,1,0,0,"UC",0
"1395","WSX-GPV",3918,3937,1,0,0,"UC",0
"1396","WSX-GPV",3937,3977,1,0,0,"UC",0
"1397","WSX-GPV",3977,3990,1,0,0,"UC",0
"1398","WSX-GPV",3990,4051,1,0,0,"UC",0
"1399","WSX-GPV",4051,4055,1,0,0,"UC",0
"1400","WSX-GPV",4055,4059,1,0,0,"UC",0
"1401","WSX-GPV",4059,4114,1,0,0,"UC",0
"1402","WSX-GPV",4114,4165,1,0,0,"UC",0
"1403","WSX-GPV",4165,4467,1,0,0,"UC",0
"1404","WSX-GPV",4467,4531,1,0,0,"UC",0
"1405","WSX-GPV",4531,4732,1,0,0,"UC",0
"1406","WSX-GPV",4732,4916,1,0,0,"UC",0
"1407","WSX-GPV",4916,4930,1,0,0,"UC",0
"1408","WSX-GPV",4930,4955,1,0,0,"UC",0
"1409","WSX-GPV",4955,4964,1,0,0,"UC",0
"1410","WSX-GPV",4964,4988,1,0,0,"UC",0
"1411","WSX-GPV",4988,5034,1,0,0,"UC",0
"1412","WSX-GPV",5034,5393,1,0,0,"UC",0
"1413","WSX-GPV",5393,5480,1,0,0,"UC",0
"1414","WSX-GPV",5480,5580,1,0,0,"UC",0
"1415","WSX-GPV",5580,6101,1,0,0,"UC",0
"1416","WSX-GPV",6101,6128,1,0,0,"UC",0
"1417","WSX-GPV",6128,6133,1,0,0,"UC",0
"1418","WSX-GPV",6133,6261,1,0,0,"UC",0
"1419","WSX-GPV",6261,6435,1,0,0,"UC",0
"1420","WSX-GPV",6435,6478,1,0,0,"UC",0
"1421","WSX-GPV",6478,6513,1,0,0,"UC",0
"1422","WSX-GPV",6513,6549,1,0,0,"UC",0
"1423","WSX-GPV",6549,6555,1,0,0,"UC",0
"1424","WSX-GPV",6555,6581,1,0,0,"UC",0
"1425","WSX-GPV",6581,6603,1,0,0,"UC",0
"1426","WSX-GPV",6603,6740,1,0,0,"UC",0
"1427","WSX-GPV",6740,6753,1,0,0,"UC",0
"1428","WSX-GPV",6753,6785,1,0,0,"UC",0
"1429","WSX-GPV",6785,7085,1,0,0,"UC",0
"1430","WSX-GPV",7085,7151,1,0,0,"UC",0
"1431","WSX-GPV",7151,7267,1,0,0,"UC",0
"1432","WSX-GPV",7267,7651,1,0,0,"UC",0
"1433","WSX-GPV",7651,7881,1,0,0,"UC",0
"1434","WSX-GPV",7881,8301,1,0,0,"UC",0
"1435","WSX-GPV",8301,8372,1,0,0,"UC",0
"1436","XRB-GPG",0,153,0,0,0,"HI",0
"1437","XRB-GPG",153,284,0,1,0,"HI",0
"1438","XRB-GPG",284,303,1,2,0,"HI",0
"1439","XRB-GPG",303,325,1,2,0,"HI",0
"1440","XRB-GPG",325,343,1,2,0,"HI",0
"1441","XRB-GPG",343,386,1,2,0,"HI",0
"1442","XRB-GPG",386,388,1,2,0,"HI",0
"1443","XRB-GPG",388,396,2,2,0,"HI",0
"1444","XRB-GPG",396,399,2,2,0,"HI",0
"1445","XRB-GPG",399,402,2,3,0,"HI",0
"1446","XRB-GPG",402,410,2,3,0,"HI",0
"1447","XRB-GPG",410,417,2,4,0,"HI",0
"1448","XRB-GPG",417,461,2,4,0,"HI",0
"1449","XRB-GPG",461,481,2,4,0,"HI",0
"1450","XRB-GPG",481,484,2,4,0,"HI",0
"1451","XRB-GPG",484,485,2,4,0,"HI",0
"1452","XRB-GPG",485,495,2,4,1,"HI",0
"1453","YR-X",0,153,0,0,0,"TK",0
"1454","YR-X",153,284,0,0,0,"TK",0
"1455","YR-X",284,303,0,0,0,"TK",0
"1456","YR-X",303,325,0,0,0,"TK",0
"1457","YR-X",325,343,0,0,0,"TK",0
"1458","YR-X",343,386,0,0,0,"TK",0
"1459","YR-X",386,388,0,0,0,"TK",0
"1460","YR-X",388,396,0,0,0,"TK",0
"1461","YR-X",396,399,0,0,0,"TK",0
"1462","YR-X",399,402,1,0,0,"TK",0
"1463","YR-X",402,410,1,0,1,"TK",0
